{"stats":{"minecraft:crafted":{"minecraft:oak_planks":20,"minecraft:bone_meal":228,"minecraft:mushroom_stew":3,"minecraft:cooked_mutton":4,"minecraft:iron_hoe":1,"minecraft:cooked_beef":4,"minecraft:cooked_porkchop":5,"minecraft:crafting_table":2,"minecraft:spruce_planks":132,"minecraft:wooden_pickaxe":1,"minecraft:iron_helmet":1,"minecraft:iron_sword":1,"minecraft:bowl":4,"minecraft:stone_axe":1,"minecraft:air":0,"minecraft:iron_chestplate":1,"minecraft:stick":16,"minecraft:iron_ingot":21,"minecraft:iron_shovel":1,"minecraft:wooden_axe":1,"minecraft:iron_leggings":1,"minecraft:torch":20},"minecraft:dropped":{"minecraft:enchanted_book":1,"minecraft:bread":5,"minecraft:glass_bottle":1,"minecraft:cobbled_deepslate_wall":1,"minecraft:feather":1,"relics:ice_skates":1,"relics:horse_flute":1,"graveyard:lying_wither_skeleton":1,"minecraft:chainmail_helmet":1,"minecraft:mushroom_stew":1,"minecraft:stick":12,"minecraft:cobweb":1,"minecraft:dirt":6,"minecraft:deepslate_brick_stairs":3,"relics:roller_skates":1,"minecraft:golden_carrot":1,"minecraft:brewing_stand":2,"tombstone:grave_dust":1,"minecraft:potion":3,"minecraft:amethyst_shard":4,"minecraft:spruce_sapling":1,"minecraft:bone":12,"minecraft:sweet_berries":7,"minecraft:rotten_flesh":3,"artifacts:villager_hat":2,"minecraft:polished_deepslate_stairs":1,"graveyard:skull_pile":1,"minecraft:oak_sapling":6,"minecraft:spider_eye":1,"minecraft:spruce_log":1},"minecraft:picked_up":{"minecraft:coarse_dirt":19,"minecraft:crafting_table":1,"minecraft:wheat":24,"minecraft:chicken":1,"graveyard:lying_wither_skeleton":1,"minecraft:brown_mushroom":3,"minecraft:stone_brick_wall":2,"minecraft:enchanted_book":2,"minecraft:brewing_stand":2,"minecraft:string":4,"minecraft:raw_copper":15,"minecraft:wooden_sword":1,"graveyard:sarcophagus":4,"minecraft:sea_pickle":1,"graveyard:corruption":12,"minecraft:cracked_stone_bricks":2,"minecraft:deepslate_tiles":1,"minecraft:bucket":1,"minecraft:spruce_planks":15,"minecraft:beef":9,"minecraft:cobblestone_slab":1,"minecraft:egg":1,"minecraft:stick":15,"minecraft:raw_iron":11,"minecraft:polished_deepslate_stairs":1,"minecraft:torch":8,"minecraft:porkchop":4,"minecraft:pointed_dripstone":5,"tombstone:grave_dust":1,"graveyard:lying_skeleton":1,"minecraft:rotten_flesh":11,"artifacts:villager_hat":1,"relics:horse_flute":1,"minecraft:white_terracotta":1,"minecraft:deepslate_brick_stairs":5,"minecraft:cobblestone":10,"minecraft:cracked_deepslate_tiles":1,"graveyard:skull_pile":1,"relics:roller_skates":2,"relics:ice_skates":2,"minecraft:feather":1,"minecraft:golden_carrot":1,"minecraft:leather":3,"minecraft:smoker":1,"minecraft:red_mushroom":4,"minecraft:potato":174,"minecraft:flint":1,"minecraft:oak_log":6,"minecraft:lily_pad":1,"graveyard:dark_iron_door":2,"minecraft:wither_skeleton_skull":1,"minecraft:dirt":39,"tombstone:gift":1,"minecraft:bone":33,"minecraft:apple":1,"minecraft:stone_bricks":2,"minecraft:wheat_seeds":78,"minecraft:cobbled_deepslate_wall":1,"minecraft:cobweb":8,"minecraft:mossy_stone_bricks":1,"graveyard:creeper_skeleton":8,"minecraft:moss_block":1,"minecraft:oak_planks":1,"graveyard:fire_brazier":4,"minecraft:cooked_porkchop":4,"minecraft:sweet_berries":8,"minecraft:stone_brick_slab":2,"minecraft:dripstone_block":6,"minecraft:amethyst_shard":4,"minecraft:spruce_sapling":11,"minecraft:spruce_log":19,"sons_of_sins:flesh_of_demise":1,"minecraft:mossy_stone_brick_slab":1,"minecraft:spider_eye":2,"minecraft:bundle":1,"minecraft:bone_meal":8,"minecraft:spruce_sign":1,"minecraft:bread":62,"minecraft:chainmail_helmet":1,"minecraft:oak_sapling":15,"minecraft:coal":11},"minecraft:custom":{"minecraft:interact_with_smithing_table":2,"minecraft:mob_kills":66,"minecraft:animals_bred":1,"minecraft:interact_with_crafting_table":11,"minecraft:open_barrel":6,"minecraft:interact_with_campfire":4,"minecraft:bell_ring":1,"minecraft:leave_game":6,"minecraft:time_since_death":4260,"minecraft:climb_one_cm":10397,"minecraft:sprint_one_cm":203393,"minecraft:walk_one_cm":560054,"minecraft:drop":51,"minecraft:talked_to_villager":19,"minecraft:play_time":133649,"minecraft:deaths":6,"minecraft:sneak_time":5981,"minecraft:walk_under_water_one_cm":1017,"minecraft:interact_with_lectern":1,"minecraft:jump":1634,"minecraft:interact_with_brewingstand":3,"minecraft:interact_with_blast_furnace":12,"minecraft:walk_on_water_one_cm":12182,"minecraft:total_world_time":133649,"minecraft:interact_with_furnace":1,"minecraft:traded_with_villager":2,"minecraft:tune_noteblock":3,"minecraft:interact_with_loom":1,"minecraft:interact_with_grindstone":1,"minecraft:sleep_in_bed":1,"minecraft:time_since_rest":4054,"minecraft:damage_taken":3828,"minecraft:damage_dealt":14249,"minecraft:swim_one_cm":3629,"minecraft:fly_one_cm":266771,"minecraft:open_chest":67,"minecraft:crouch_one_cm":16276,"tombstone:undead_killed":29,"minecraft:interact_with_smoker":5,"minecraft:fall_one_cm":56410},"minecraft:killed_by":{"minecraft:player":1,"graveyard:wraith":3},"minecraft:broken":{"minecraft:iron_sword":1,"minecraft:wooden_axe":1,"minecraft:iron_hoe":1},"minecraft:killed":{"graveyard:corrupted_vindicator":12,"minecraft:spider":3,"graveyard:wraith":12,"minecraft:skeleton":3,"graveyard:acolyte":3,"minecraft:chicken":1,"minecraft:pig":3,"sons_of_sins:betrayed_guzzler":1,"minecraft:zombie":14,"graveyard:corrupted_pillager":9,"minecraft:cow":2},"minecraft:used":{"minecraft:iron_shovel":78,"minecraft:spruce_planks":80,"minecraft:white_terracotta":1,"minecraft:iron_sword":199,"minecraft:rotten_flesh":2,"minecraft:torch":12,"minecraft:dirt":17,"minecraft:iron_hoe":273,"minecraft:wooden_axe":45,"minecraft:golden_carrot":1,"minecraft:sweet_berries":6,"minecraft:oak_sapling":2,"tombstone:gift":4,"minecraft:egg":1,"minecraft:potato":117,"minecraft:pointed_dripstone":2,"minecraft:wheat_seeds":74,"minecraft:cooked_mutton":1,"minecraft:water_bucket":7,"minecraft:oak_planks":20,"minecraft:wooden_pickaxe":9,"minecraft:cracked_stone_bricks":2,"minecraft:crafting_table":3,"useless_sword:valhalla_sword":3,"minecraft:mushroom_stew":2,"minecraft:dripstone_block":2,"minecraft:stone_brick_wall":1,"minecraft:smoker":1,"minecraft:spruce_log":2,"relics:horse_flute":2,"minecraft:bread":31,"minecraft:iron_pickaxe":128,"tombstone:grave_key":14,"minecraft:spruce_sapling":8,"minecraft:stone_axe":40,"minecraft:cobblestone":4,"minecraft:potion":1,"minecraft:cooked_porkchop":5,"minecraft:bucket":7,"alexsmobs:animal_dictionary":1,"minecraft:coarse_dirt":15,"minecraft:bone_meal":229,"minecraft:experience_bottle":8},"minecraft:mined":{"minecraft:deepslate_tiles":5,"minecraft:tuff":3,"minecraft:spruce_planks":15,"minecraft:oak_sapling":2,"minecraft:mossy_stone_brick_slab":2,"minecraft:brewing_stand":1,"minecraft:deepslate_tile_wall":1,"minecraft:grass_block":40,"minecraft:stone_brick_wall":2,"graveyard:tg_deepslate":3,"graveyard:dark_iron_door":4,"minecraft:deepslate_bricks":3,"minecraft:spruce_leaves":1,"minecraft:red_mushroom":4,"minecraft:spawner":2,"minecraft:large_fern":17,"graveyard:wither_skull_with_rib_cage":1,"minecraft:spruce_sapling":1,"graveyard:tg_moss_block":1,"minecraft:iron_ore":2,"minecraft:cobbled_deepslate":2,"graveyard:leaning_wither_skeleton":2,"minecraft:potatoes":37,"graveyard:sarcophagus":4,"minecraft:bookshelf":1,"minecraft:pointed_dripstone":1,"minecraft:cobblestone_slab":1,"minecraft:deepslate_iron_ore":9,"minecraft:deepslate_brick_stairs":4,"minecraft:stone":7,"graveyard:lying_wither_skeleton":1,"minecraft:brown_mushroom":3,"graveyard:dark_iron_trapdoor":1,"minecraft:polished_deepslate_stairs":2,"minecraft:smoker":1,"graveyard:fire_brazier":4,"minecraft:stone_brick_slab":2,"minecraft:crafting_table":1,"minecraft:cobbled_deepslate_wall":1,"minecraft:torch":6,"minecraft:tall_grass":43,"minecraft:copper_ore":3,"minecraft:cobblestone":3,"minecraft:white_candle":1,"biomesoplenty:sprout":1,"graveyard:lying_skeleton":1,"minecraft:oak_planks":1,"minecraft:wall_torch":3,"minecraft:white_terracotta":1,"minecraft:coarse_dirt":24,"graveyard:vase_block":1,"minecraft:sea_pickle":2,"minecraft:wheat":24,"minecraft:sweet_berry_bush":3,"minecraft:spruce_log":18,"minecraft:birch_leaves":8,"graveyard:skull_pile":2,"graveyard:dark_iron_bars":3,"minecraft:grass":43,"minecraft:cracked_deepslate_tiles":3,"graveyard:creeper_skeleton":10,"minecraft:oak_log":6,"minecraft:coal_ore":11,"minecraft:sunflower":1,"minecraft:dripstone_block":4,"minecraft:loom":1,"graveyard:leaning_skeleton":2,"minecraft:dirt":3,"minecraft:cobweb":10,"minecraft:stone_bricks":3,"minecraft:cracked_stone_bricks":2,"minecraft:wither_skeleton_skull":1,"minecraft:tripwire_hook":1,"minecraft:mossy_stone_bricks":3,"minecraft:oak_leaves":85,"minecraft:deepslate":4,"minecraft:fern":4}},"DataVersion":3465}