{"stats":{"minecraft:killed":{"minecraft:pig":3,"minecraft:spider":1,"minecraft:zombie":4},"minecraft:used":{"minecraft:spruce_planks":12,"minecraft:wooden_pickaxe":5,"minecraft:rotten_flesh":2,"minecraft:crafting_table":1,"minecraft:mushroom_stew":2,"relics:horse_flute":1,"minecraft:wooden_axe":43,"minecraft:spruce_sapling":8,"minecraft:cooked_porkchop":2,"alexsmobs:animal_dictionary":1},"minecraft:crafted":{"minecraft:crafting_table":1,"minecraft:spruce_planks":28,"minecraft:wooden_pickaxe":1,"minecraft:iron_helmet":1,"minecraft:bowl":4,"minecraft:mushroom_stew":3,"minecraft:air":0,"minecraft:stick":4,"minecraft:wooden_axe":1,"minecraft:iron_leggings":1},"minecraft:dropped":{"relics:ice_skates":1,"minecraft:rotten_flesh":3,"artifacts:villager_hat":2,"relics:horse_flute":1,"minecraft:mushroom_stew":1,"minecraft:spruce_log":1,"minecraft:spruce_sapling":1},"minecraft:custom":{"minecraft:interact_with_smithing_table":1,"minecraft:interact_with_furnace":1,"minecraft:mob_kills":8,"minecraft:traded_with_villager":2,"minecraft:interact_with_crafting_table":4,"minecraft:interact_with_campfire":4,"minecraft:bell_ring":1,"minecraft:leave_game":5,"minecraft:time_since_death":26461,"minecraft:climb_one_cm":3238,"minecraft:time_since_rest":26461,"minecraft:sprint_one_cm":36521,"minecraft:damage_taken":305,"minecraft:walk_one_cm":99286,"minecraft:drop":10,"minecraft:damage_dealt":1414,"minecraft:talked_to_villager":7,"minecraft:swim_one_cm":3629,"minecraft:fly_one_cm":47172,"minecraft:open_chest":15,"minecraft:crouch_one_cm":1442,"minecraft:play_time":26461,"tombstone:undead_killed":4,"minecraft:sneak_time":894,"minecraft:walk_under_water_one_cm":215,"minecraft:jump":360,"minecraft:interact_with_blast_furnace":2,"minecraft:walk_on_water_one_cm":6381,"minecraft:total_world_time":26461,"minecraft:fall_one_cm":5967},"minecraft:picked_up":{"relics:ice_skates":2,"minecraft:crafting_table":1,"relics:roller_skates":2,"minecraft:brown_mushroom":3,"minecraft:red_mushroom":4,"minecraft:potato":37,"minecraft:lily_pad":1,"minecraft:brewing_stand":1,"minecraft:bone":1,"minecraft:sea_pickle":1,"minecraft:wheat_seeds":2,"minecraft:spruce_planks":12,"minecraft:stick":6,"minecraft:cooked_porkchop":4,"minecraft:porkchop":4,"minecraft:spruce_sapling":11,"minecraft:spruce_log":19,"minecraft:spider_eye":1,"minecraft:rotten_flesh":5,"artifacts:villager_hat":1,"relics:horse_flute":1,"minecraft:cobblestone":3},"minecraft:mined":{"minecraft:spruce_planks":12,"minecraft:brown_mushroom":3,"minecraft:brewing_stand":1,"minecraft:crafting_table":1,"minecraft:tall_grass":2,"minecraft:spruce_leaves":1,"minecraft:red_mushroom":4,"minecraft:large_fern":14,"minecraft:spruce_sapling":1,"minecraft:sea_pickle":2,"minecraft:spruce_log":18,"minecraft:birch_leaves":6,"minecraft:grass":3,"minecraft:stone":3,"minecraft:fern":3}},"DataVersion":3465}