{"stats":{"minecraft:mined":{"minecraft:dark_oak_planks":6,"minecraft:blue_carpet":5,"securitycraft:mine":2,"minecraft:spruce_planks":21,"minecraft:oak_sapling":2,"minecraft:mossy_stone_brick_slab":2,"minecraft:black_terracotta":6,"minecraft:brewing_stand":1,"minecraft:light_blue_carpet":1,"minecraft:deepslate_tile_wall":1,"minecraft:grass_block":46,"minecraft:stone_brick_wall":2,"graveyard:dark_iron_door":4,"minecraft:deepslate_bricks":3,"minecraft:mud_brick_wall":13,"minecraft:mud_bricks":30,"minecraft:spawner":19,"graveyard:wither_skull_with_rib_cage":1,"minecraft:raw_iron_block":1,"minecraft:iron_ore":2,"minecraft:cobbled_deepslate":2,"minecraft:fire":45,"graveyard:leaning_wither_skeleton":2,"minecraft:moss_carpet":2,"minecraft:anvil":1,"minecraft:pointed_dripstone":1,"minecraft:cave_vines":1,"minecraft:iron_bars":1,"minecraft:purple_carpet":1,"minecraft:deepslate_brick_stairs":4,"minecraft:waxed_cut_copper":11,"minecraft:waxed_cut_copper_stairs":6,"minecraft:brown_mushroom":3,"minecraft:polished_deepslate_stairs":2,"graveyard:dark_iron_trapdoor":1,"minecraft:smoker":1,"graveyard:fire_brazier":4,"minecraft:torch":7,"minecraft:mud_brick_stairs":2,"minecraft:cobblestone":3,"minecraft:white_candle":1,"graveyard:lying_skeleton":1,"minecraft:oak_planks":1,"minecraft:wall_torch":3,"minecraft:white_terracotta":1,"minecraft:dark_oak_slab":3,"minecraft:wheat":25,"minecraft:waxed_oxidized_cut_copper_stairs":1,"minecraft:tnt":4,"graveyard:skull_pile":2,"minecraft:grass":50,"minecraft:cracked_deepslate_tiles":3,"graveyard:creeper_skeleton":10,"minecraft:oak_log":6,"minecraft:loom":1,"minecraft:dirt":3,"minecraft:tripwire_hook":2,"minecraft:wither_skeleton_skull":1,"minecraft:polished_deepslate_wall":1,"minecraft:oak_leaves":85,"minecraft:deepslate":4,"minecraft:deepslate_tiles":5,"minecraft:red_carpet":4,"minecraft:tuff":3,"minecraft:glow_lichen":1,"minecraft:dark_oak_fence":3,"graveyard:tg_deepslate":3,"minecraft:spruce_leaves":2,"minecraft:red_mushroom":4,"minecraft:large_fern":18,"minecraft:waxed_oxidized_cut_copper":2,"minecraft:spruce_sapling":1,"minecraft:packed_mud":10,"minecraft:acacia_trapdoor":3,"graveyard:tg_moss_block":1,"minecraft:stripped_spruce_log":21,"minecraft:peony":2,"minecraft:bookshelf":6,"graveyard:sarcophagus":4,"minecraft:potatoes":51,"minecraft:deepslate_iron_ore":9,"minecraft:cobblestone_slab":1,"minecraft:vine":1,"minecraft:stone":7,"graveyard:lying_wither_skeleton":1,"minecraft:ender_chest":1,"minecraft:scaffolding":4,"minecraft:stone_brick_slab":2,"minecraft:crafting_table":1,"minecraft:cobbled_deepslate_wall":1,"minecraft:rose_bush":2,"minecraft:sculk_sensor":1,"minecraft:tall_grass":47,"minecraft:copper_ore":3,"biomesoplenty:sprout":1,"minecraft:coarse_dirt":24,"graveyard:vase_block":1,"minecraft:stripped_spruce_wood":1,"minecraft:sea_pickle":2,"minecraft:sweet_berry_bush":4,"minecraft:spruce_log":18,"minecraft:birch_leaves":8,"graveyard:dark_iron_bars":3,"minecraft:coal_ore":11,"minecraft:sunflower":1,"minecraft:dripstone_block":4,"graveyard:leaning_skeleton":2,"minecraft:gray_carpet":2,"minecraft:cobweb":29,"minecraft:cracked_stone_bricks":2,"minecraft:stripped_acacia_wood":1,"minecraft:stone_bricks":3,"minecraft:small_dripleaf":2,"minecraft:mossy_stone_bricks":3,"minecraft:waxed_exposed_cut_copper":3,"minecraft:fern":5},"minecraft:dropped":{"minecraft:spruce_sign":1,"iceandfire:raw_silver":2,"minecraft:moss_block":4,"minecraft:glass_bottle":10,"minecraft:dark_oak_slab":1,"minecraft:cookie":5,"relics:ice_skates":1,"minecraft:dark_oak_button":1,"minecraft:saddle":2,"relics:horse_flute":1,"minecraft:red_carpet":6,"minecraft:item_frame":1,"minecraft:dirt":7,"minecraft:packed_mud":37,"minecraft:amethyst_shard":4,"minecraft:gold_ingot":4,"sons_of_sins:flesh_of_demise":1,"minecraft:bone":21,"minecraft:waxed_cut_copper_stairs":1,"minecraft:goat_horn":1,"minecraft:diamond_block":1,"minecraft:wheat":21,"minecraft:soul_lantern":2,"minecraft:black_terracotta":5,"minecraft:rotten_flesh":24,"artifacts:villager_hat":2,"minecraft:salmon":1,"sophisticatedbackpacks:diamond_backpack":2,"minecraft:turtle_helmet":1,"minecraft:gunpowder":2,"graveyard:skull_pile":1,"minecraft:iron_bars":1,"minecraft:scaffolding":6,"minecraft:purple_carpet":1,"minecraft:lectern":1,"minecraft:enchanted_book":2,"minecraft:bread":5,"minecraft:oxidized_cut_copper":27,"minecraft:cobbled_deepslate_wall":1,"minecraft:cobblestone":2,"minecraft:feather":1,"minecraft:copper_ingot":1,"minecraft:polished_blackstone_button":2,"graveyard:lying_wither_skeleton":1,"minecraft:chainmail_helmet":1,"minecraft:golden_apple":4,"minecraft:mushroom_stew":1,"minecraft:stick":12,"minecraft:cobweb":1,"minecraft:deepslate_brick_stairs":3,"relics:roller_skates":1,"minecraft:golden_carrot":1,"minecraft:brewing_stand":2,"minecraft:wooden_axe":1,"tombstone:grave_dust":6,"minecraft:potion":3,"minecraft:raw_iron_block":11,"minecraft:string":3,"minecraft:bucket":1,"minecraft:gray_carpet":11,"minecraft:spruce_sapling":1,"minecraft:redstone":1,"securitycraft:mine":2,"minecraft:sweet_berries":7,"minecraft:player_head":2,"iceandfire:witherbone":1,"minecraft:stripped_acacia_wood":1,"minecraft:waxed_exposed_cut_copper":1,"minecraft:polished_deepslate_stairs":1,"minecraft:mud_bricks":13,"minecraft:spruce_trapdoor":8,"minecraft:spruce_planks":3,"minecraft:oak_sapling":12,"minecraft:waxed_oxidized_cut_copper":9,"minecraft:spider_eye":1,"minecraft:spruce_log":1,"minecraft:dark_prismarine":1},"minecraft:killed_by":{"minecraft:wither_skeleton":15,"minecraft:zombie":6,"graveyard:wraith":3,"minecraft:player":2,"minecraft:skeleton":13},"minecraft:broken":{"minecraft:iron_boots":1,"minecraft:iron_chestplate":1,"minecraft:iron_leggings":1,"minecraft:diamond_boots":1,"minecraft:iron_sword":2,"minecraft:wooden_axe":1,"minecraft:iron_hoe":1,"minecraft:diamond_chestplate":1,"minecraft:diamond_leggings":1,"minecraft:chainmail_helmet":1,"minecraft:iron_axe":1,"minecraft:iron_helmet":1},"minecraft:killed":{"graveyard:skeleton_creeper":1,"minecraft:spider":5,"graveyard:wraith":12,"minecraft:skeleton":19,"graveyard:acolyte":3,"minecraft:chicken":2,"minecraft:pig":3,"minecraft:creeper":8,"minecraft:zombie":28,"graveyard:corrupted_pillager":9,"minecraft:cow":2,"graveyard:corrupted_vindicator":12,"minecraft:ravager":9,"sons_of_sins:betrayed_guzzler":2,"minecraft:wither_skeleton":12},"minecraft:crafted":{"securitycraft:mine":12,"minecraft:oak_planks":20,"minecraft:cooked_mutton":4,"minecraft:diamond_leggings":1,"minecraft:cooked_porkchop":5,"minecraft:crafting_table":4,"minecraft:spruce_planks":209,"minecraft:wooden_pickaxe":1,"minecraft:iron_helmet":1,"minecraft:iron_chestplate":1,"minecraft:shield":1,"minecraft:stick":20,"minecraft:iron_ingot":21,"minecraft:mushroom_stew":3,"minecraft:bone_meal":228,"minecraft:iron_hoe":1,"minecraft:diamond_boots":1,"minecraft:cooked_beef":4,"minecraft:iron_sword":1,"minecraft:bowl":4,"minecraft:stone_axe":1,"minecraft:air":0,"securitycraft:dirt_mine":3,"minecraft:wooden_axe":2,"minecraft:iron_shovel":1,"minecraft:iron_leggings":1,"minecraft:torch":20,"minecraft:diamond_chestplate":1},"minecraft:picked_up":{"minecraft:iron_chestplate":2,"minecraft:wheat":25,"minecraft:anvil":1,"minecraft:diamond_sword":2,"minecraft:potion":2,"minecraft:enchanted_book":3,"minecraft:brewing_stand":2,"minecraft:waxed_cut_copper_slab":4,"minecraft:polished_deepslate":1,"minecraft:string":25,"minecraft:dark_oak_trapdoor":13,"minecraft:raw_copper":15,"graveyard:sarcophagus":4,"minecraft:sea_pickle":1,"minecraft:deepslate_tiles":1,"minecraft:bucket":1,"minecraft:comparator":2,"minecraft:spruce_planks":24,"minecraft:waxed_exposed_cut_copper":3,"minecraft:white_tulip":1,"minecraft:rose_bush":2,"minecraft:cobblestone_slab":1,"minecraft:ender_eye":2,"minecraft:iron_pickaxe":1,"minecraft:stick":15,"minecraft:polished_deepslate_stairs":1,"minecraft:torch":9,"minecraft:porkchop":4,"alexscaves:nuclear_bomb":1,"minecraft:pointed_dripstone":5,"tombstone:grave_dust":5,"minecraft:goat_horn":1,"minecraft:waxed_cut_copper_stairs":3,"minecraft:rotten_flesh":30,"artifacts:villager_hat":1,"relics:horse_flute":1,"minecraft:white_terracotta":1,"minecraft:waxed_cut_copper":7,"minecraft:deepslate_brick_stairs":5,"minecraft:obsidian":8,"minecraft:iron_bars":1,"minecraft:cobblestone":13,"graveyard:skull_pile":1,"useless_sword:valhalla_sword":1,"relics:roller_skates":2,"minecraft:lilac":4,"minecraft:feather":3,"minecraft:oxidized_copper":2,"minecraft:mud_brick_stairs":1,"minecraft:smoker":1,"minecraft:potato":225,"minecraft:flint":1,"minecraft:stripped_spruce_wood":1,"graveyard:dark_iron_door":2,"minecraft:wither_skeleton_skull":1,"minecraft:dirt":46,"minecraft:purple_carpet":1,"minecraft:bone":69,"minecraft:bow":1,"minecraft:cobbled_deepslate_wall":1,"minecraft:wheat_seeds":83,"minecraft:diamond_helmet":1,"minecraft:mossy_stone_bricks":1,"graveyard:creeper_skeleton":8,"minecraft:moss_block":6,"minecraft:oak_planks":1,"graveyard:fire_brazier":4,"securitycraft:mine":2,"minecraft:black_terracotta":11,"minecraft:cooked_porkchop":4,"minecraft:stripped_acacia_wood":1,"minecraft:stripped_spruce_log":20,"minecraft:diamond_block":26,"sons_of_sins:flesh_of_demise":2,"minecraft:dark_prismarine":1,"minecraft:bundle":1,"minecraft:diamond":203,"minecraft:soul_lantern":3,"minecraft:polished_blackstone_button":2,"minecraft:bone_meal":8,"minecraft:golden_apple":146,"minecraft:spruce_sign":2,"minecraft:bread":62,"minecraft:chainmail_helmet":2,"minecraft:oak_sapling":15,"minecraft:dark_oak_fence":3,"iceandfire:raw_silver":2,"minecraft:crafting_table":1,"minecraft:coarse_dirt":19,"minecraft:charcoal":2,"minecraft:waxed_oxidized_cut_copper":11,"iceandfire:witherbone":3,"minecraft:chicken":2,"graveyard:lying_wither_skeleton":1,"minecraft:brown_mushroom":3,"minecraft:stone_brick_wall":2,"minecraft:cooked_rabbit":1,"minecraft:crimson_trapdoor":2,"tombstone:scroll_of_preservation":2,"minecraft:acacia_door":1,"minecraft:wooden_sword":1,"minecraft:flint_and_steel":1,"minecraft:netherite_scrap":40,"minecraft:item_frame":1,"graveyard:corruption":12,"minecraft:cracked_stone_bricks":2,"minecraft:beef":9,"minecraft:player_head":2,"minecraft:lectern":2,"useless_sword:ravager_leather":11,"minecraft:spruce_trapdoor":8,"minecraft:egg":1,"minecraft:raw_iron":11,"minecraft:copper_ingot":1,"minecraft:cookie":5,"minecraft:redstone":1,"graveyard:lying_skeleton":1,"minecraft:dark_oak_planks":47,"minecraft:tnt":2,"minecraft:arrow":40,"minecraft:peony":1,"minecraft:saddle":3,"minecraft:gold_ingot":84,"minecraft:glow_berries":1,"minecraft:cracked_deepslate_tiles":1,"relics:ice_skates":2,"minecraft:mud_bricks":93,"minecraft:dark_oak_button":1,"minecraft:golden_carrot":66,"minecraft:salmon":1,"minecraft:leather":3,"minecraft:red_mushroom":4,"minecraft:packed_mud":41,"minecraft:oak_log":6,"minecraft:lily_pad":1,"minecraft:golden_boots":3,"minecraft:gunpowder":10,"tombstone:gift":1,"minecraft:red_carpet":12,"minecraft:waxed_weathered_cut_copper":1,"minecraft:stone_bricks":2,"minecraft:apple":1,"minecraft:gray_carpet":23,"minecraft:acacia_trapdoor":2,"minecraft:iron_ingot":1,"minecraft:cooked_chicken":1,"minecraft:cobweb":12,"minecraft:glass_bottle":27,"minecraft:iron_sword":2,"minecraft:oxidized_cut_copper":27,"sophisticatedbackpacks:diamond_backpack":2,"minecraft:book":17,"minecraft:scaffolding":5,"minecraft:dark_oak_slab":2,"minecraft:emerald_block":2,"minecraft:sweet_berries":13,"minecraft:stone_brick_slab":2,"minecraft:raw_iron_block":13,"minecraft:dripstone_block":6,"minecraft:amethyst_shard":4,"minecraft:spruce_sapling":11,"minecraft:mud_brick_wall":11,"minecraft:spruce_log":19,"minecraft:mossy_stone_brick_slab":1,"minecraft:spider_eye":2,"tombstone:magic_scroll":2,"minecraft:coal":11},"minecraft:custom":{"minecraft:animals_bred":2,"minecraft:interact_with_crafting_table":22,"minecraft:open_barrel":39,"minecraft:bell_ring":1,"minecraft:leave_game":8,"minecraft:time_since_death":2081,"minecraft:damage_resisted":80,"minecraft:sprint_one_cm":342443,"minecraft:damage_blocked_by_shield":540,"minecraft:drop":139,"minecraft:play_noteblock":1,"minecraft:talked_to_villager":19,"minecraft:play_time":292207,"minecraft:deaths":42,"minecraft:jump":3052,"minecraft:interact_with_brewingstand":4,"minecraft:walk_on_water_one_cm":55909,"minecraft:interact_with_furnace":1,"minecraft:traded_with_villager":2,"minecraft:interact_with_cartography_table":1,"minecraft:interact_with_loom":1,"minecraft:sleep_in_bed":1,"minecraft:open_enderchest":1,"tombstone:sneak_grave":1,"minecraft:damage_dealt":48153,"minecraft:crouch_one_cm":56600,"tombstone:undead_killed":72,"minecraft:interact_with_smoker":7,"minecraft:inspect_dispenser":5,"minecraft:interact_with_smithing_table":2,"minecraft:mob_kills":172,"minecraft:interact_with_campfire":4,"minecraft:climb_one_cm":16038,"minecraft:walk_one_cm":1156100,"minecraft:sneak_time":27062,"minecraft:walk_under_water_one_cm":22000,"minecraft:interact_with_lectern":1,"minecraft:interact_with_blast_furnace":16,"minecraft:total_world_time":292207,"tombstone:raider_killed":9,"minecraft:tune_noteblock":12,"minecraft:interact_with_grindstone":1,"minecraft:time_since_rest":1,"minecraft:damage_taken":25219,"minecraft:damage_absorbed":1388,"minecraft:swim_one_cm":4246,"minecraft:fly_one_cm":479081,"minecraft:open_chest":115,"minecraft:fall_one_cm":92676},"minecraft:used":{"minecraft:waxed_exposed_cut_copper":1,"minecraft:iron_shovel":78,"minecraft:polished_deepslate":1,"minecraft:white_terracotta":1,"minecraft:shield":6,"minecraft:iron_sword":209,"minecraft:rotten_flesh":2,"minecraft:packed_mud":3,"minecraft:redstone_lamp":13,"minecraft:sweet_berries":12,"minecraft:oak_sapling":2,"minecraft:egg":1,"minecraft:potato":168,"minecraft:golden_boots":1,"minecraft:diamond_boots":1,"minecraft:acacia_trapdoor":2,"minecraft:oak_planks":20,"minecraft:wooden_pickaxe":9,"minecraft:golden_apple":44,"minecraft:glow_berries":11,"useless_sword:valhalla_sword":950,"minecraft:mushroom_stew":2,"minecraft:dripstone_block":2,"minecraft:stone_brick_wall":1,"minecraft:black_terracotta":5,"relics:horse_flute":2,"minecraft:bread":50,"tombstone:grave_key":42,"securitycraft:mine":9,"minecraft:cooked_rabbit":1,"minecraft:waxed_cut_copper_stairs":1,"minecraft:coarse_dirt":15,"minecraft:bone_meal":232,"minecraft:experience_bottle":8,"minecraft:flint_and_steel":1,"minecraft:spruce_planks":144,"minecraft:cooked_chicken":1,"minecraft:torch":12,"minecraft:dirt":17,"minecraft:raw_iron_block":6,"minecraft:iron_hoe":273,"minecraft:dark_oak_planks":2,"minecraft:wooden_axe":72,"minecraft:waxed_cut_copper":7,"minecraft:iron_axe":33,"minecraft:mud_bricks":18,"minecraft:golden_carrot":1,"securitycraft:dirt_mine":3,"tombstone:gift":4,"minecraft:pointed_dripstone":2,"minecraft:wheat_seeds":78,"minecraft:cooked_mutton":2,"minecraft:water_bucket":59,"minecraft:cracked_stone_bricks":2,"minecraft:tnt":4,"minecraft:crafting_table":5,"minecraft:crimson_trapdoor":2,"minecraft:spruce_log":2,"minecraft:smoker":1,"minecraft:iron_pickaxe":269,"minecraft:spruce_sapling":8,"minecraft:stone_axe":40,"minecraft:cobblestone":4,"minecraft:potion":2,"minecraft:mud_brick_wall":5,"minecraft:cooked_porkchop":5,"minecraft:bucket":59,"alexsmobs:animal_dictionary":1,"alexscaves:nuclear_bomb":1,"minecraft:splash_potion":1}},"DataVersion":3465}