{"stats":{"minecraft:killed":{"graveyard:skeleton_creeper":1,"minecraft:spider":8,"graveyard:wraith":12,"minecraft:skeleton":28,"graveyard:acolyte":3,"alexsmobs:banana_slug":1,"minecraft:chicken":2,"minecraft:pig":4,"minecraft:creeper":9,"minecraft:pillager":6,"minecraft:zombie":43,"alexsmobs:fly":1,"graveyard:corrupted_pillager":9,"minecraft:cow":2,"graveyard:corrupted_vindicator":12,"minecraft:vindicator":1,"graveyard:ghoul":1,"minecraft:ravager":9,"sons_of_sins:betrayed_guzzler":2,"minecraft:wither_skeleton":12},"minecraft:used":{"minecraft:moss_block":1,"minecraft:waxed_exposed_cut_copper":1,"minecraft:iron_shovel":78,"minecraft:polished_deepslate":1,"minecraft:chest":1,"minecraft:white_terracotta":1,"minecraft:shield":6,"alexscaves:galena":2,"minecraft:iron_sword":209,"minecraft:rotten_flesh":2,"minecraft:obsidian":3,"minecraft:packed_mud":3,"minecraft:redstone_lamp":13,"minecraft:bow":6,"minecraft:sweet_berries":17,"minecraft:oak_sapling":2,"msmlegacy:relic_key_blade":2,"minecraft:egg":4,"minecraft:potato":168,"minecraft:golden_boots":1,"minecraft:diamond_boots":1,"minecraft:acacia_trapdoor":2,"minecraft:oak_planks":20,"minecraft:wooden_pickaxe":9,"minecraft:golden_apple":48,"minecraft:glow_berries":11,"useless_sword:valhalla_sword":959,"minecraft:mushroom_stew":2,"iceandfire:frozen_splinters":1,"minecraft:stone_brick_wall":1,"minecraft:dripstone_block":2,"minecraft:black_terracotta":5,"relics:horse_flute":2,"minecraft:crying_obsidian":1,"minecraft:bread":61,"tombstone:grave_key":49,"securitycraft:mine":9,"useless_sword:ravager_sword":151,"minecraft:cooked_rabbit":1,"minecraft:waxed_cut_copper_stairs":1,"minecraft:cobweb":4,"minecraft:coarse_dirt":15,"minecraft:bone_meal":232,"minecraft:experience_bottle":8,"graveyard:sarcophagus":4,"minecraft:flint_and_steel":1,"minecraft:spruce_planks":147,"minecraft:netherrack":1,"minecraft:cooked_chicken":1,"minecraft:torch":12,"minecraft:dirt":20,"minecraft:raw_iron_block":6,"minecraft:iron_hoe":273,"minecraft:dark_oak_planks":2,"minecraft:wooden_axe":72,"minecraft:waxed_cut_copper":7,"minecraft:iron_axe":33,"minecraft:mud_bricks":18,"minecraft:diamond_chestplate":1,"minecraft:golden_carrot":8,"securitycraft:dirt_mine":3,"tombstone:gift":6,"minecraft:pointed_dripstone":2,"minecraft:wheat_seeds":141,"minecraft:cooked_mutton":2,"minecraft:water_bucket":59,"minecraft:baked_potato":2,"minecraft:cracked_stone_bricks":2,"minecraft:tnt":4,"minecraft:crafting_table":7,"minecraft:crimson_trapdoor":2,"minecraft:spruce_log":2,"minecraft:smoker":1,"tombstone:bag_of_seeds":2,"minecraft:diamond_pickaxe":93,"minecraft:iron_pickaxe":286,"minecraft:spruce_sapling":8,"minecraft:stone_axe":40,"minecraft:cobblestone":16,"minecraft:potion":2,"minecraft:purple_bed":1,"minecraft:mud_brick_wall":5,"minecraft:cooked_porkchop":5,"minecraft:bucket":59,"alexsmobs:animal_dictionary":1,"alexscaves:nuclear_bomb":1,"minecraft:splash_potion":1},"minecraft:crafted":{"securitycraft:mine":12,"minecraft:oak_planks":28,"useless_sword:ravager_sword":1,"minecraft:cooked_mutton":4,"minecraft:diamond_leggings":2,"minecraft:chest":2,"sophisticatedbackpacks:backpack":1,"minecraft:emerald":9,"minecraft:cooked_porkchop":5,"minecraft:crafting_table":6,"minecraft:spruce_planks":237,"minecraft:wooden_pickaxe":1,"minecraft:iron_helmet":1,"minecraft:iron_chestplate":1,"minecraft:diamond_pickaxe":1,"minecraft:shield":1,"minecraft:stick":32,"minecraft:iron_ingot":21,"minecraft:shears":1,"minecraft:mushroom_stew":3,"minecraft:bone_meal":228,"minecraft:iron_hoe":1,"minecraft:diamond_boots":2,"sophisticatedbackpacks:iron_backpack":1,"minecraft:cooked_beef":4,"iceandfire:silver_ingot":2,"minecraft:iron_sword":1,"minecraft:bowl":4,"minecraft:stone_axe":1,"minecraft:air":0,"securitycraft:dirt_mine":3,"minecraft:wooden_axe":2,"minecraft:iron_shovel":1,"minecraft:iron_leggings":1,"minecraft:torch":20,"minecraft:diamond_chestplate":2},"minecraft:custom":{"minecraft:animals_bred":5,"minecraft:interact_with_crafting_table":34,"minecraft:open_barrel":39,"minecraft:bell_ring":34,"minecraft:leave_game":9,"minecraft:time_since_death":22861,"minecraft:damage_resisted":80,"minecraft:sprint_one_cm":540357,"minecraft:damage_blocked_by_shield":540,"minecraft:drop":183,"minecraft:play_noteblock":1,"minecraft:talked_to_villager":25,"minecraft:play_time":378304,"minecraft:deaths":46,"minecraft:jump":4777,"minecraft:interact_with_brewingstand":4,"minecraft:walk_on_water_one_cm":57606,"minecraft:interact_with_furnace":1,"minecraft:traded_with_villager":2,"minecraft:interact_with_cartography_table":1,"minecraft:interact_with_loom":1,"minecraft:sleep_in_bed":2,"minecraft:open_enderchest":1,"tombstone:sneak_grave":1,"minecraft:damage_dealt":59650,"minecraft:crouch_one_cm":62780,"tombstone:undead_killed":97,"minecraft:interact_with_smoker":7,"minecraft:inspect_dispenser":5,"minecraft:interact_with_smithing_table":2,"minecraft:interact_with_anvil":1,"minecraft:mob_kills":219,"minecraft:interact_with_campfire":4,"minecraft:climb_one_cm":16871,"minecraft:walk_one_cm":1423647,"minecraft:raid_win":1,"minecraft:sneak_time":29604,"minecraft:walk_under_water_one_cm":22424,"minecraft:interact_with_lectern":1,"minecraft:interact_with_blast_furnace":20,"minecraft:total_world_time":378304,"tombstone:raider_killed":16,"minecraft:tune_noteblock":12,"minecraft:raid_trigger":1,"minecraft:interact_with_grindstone":1,"minecraft:time_since_rest":22616,"minecraft:damage_taken":28073,"minecraft:damage_absorbed":1484,"minecraft:swim_one_cm":10539,"minecraft:fly_one_cm":812337,"minecraft:open_chest":182,"minecraft:fall_one_cm":161378},"minecraft:dropped":{"minecraft:spruce_sign":1,"iceandfire:raw_silver":2,"minecraft:moss_block":6,"alexsmobs:banana_slug_slime":1,"minecraft:glass_bottle":10,"minecraft:dark_oak_slab":1,"relics:ice_skates":1,"minecraft:cookie":5,"minecraft:leather":7,"minecraft:dark_oak_button":1,"relics:horse_flute":1,"minecraft:saddle":2,"minecraft:red_carpet":6,"minecraft:item_frame":1,"alexscaves:galena":19,"minecraft:packed_mud":37,"minecraft:dirt":8,"graveyard:creeper_skeleton":2,"minecraft:amethyst_shard":4,"msmlegacy:relic_key_blade":1,"sons_of_sins:flesh_of_demise":1,"minecraft:gold_ingot":4,"minecraft:bone":21,"minecraft:waxed_cut_copper_stairs":1,"minecraft:goat_horn":1,"minecraft:diamond_block":7,"minecraft:wheat":21,"minecraft:soul_lantern":2,"minecraft:black_terracotta":5,"minecraft:rotten_flesh":26,"artifacts:villager_hat":2,"minecraft:salmon":1,"sophisticatedbackpacks:diamond_backpack":2,"minecraft:turtle_helmet":1,"minecraft:gunpowder":2,"graveyard:skull_pile":1,"minecraft:iron_bars":1,"minecraft:scaffolding":6,"minecraft:lectern":1,"minecraft:purple_carpet":1,"minecraft:iron_ingot":19,"minecraft:bread":5,"minecraft:enchanted_book":2,"minecraft:wheat_seeds":32,"minecraft:oxidized_cut_copper":27,"minecraft:cobbled_deepslate_wall":1,"minecraft:cobblestone":2,"minecraft:feather":1,"minecraft:copper_ingot":1,"minecraft:polished_blackstone_button":2,"graveyard:lying_wither_skeleton":1,"minecraft:chainmail_helmet":1,"minecraft:golden_apple":4,"minecraft:mushroom_stew":1,"minecraft:stick":12,"minecraft:cobweb":1,"minecraft:deepslate_brick_stairs":3,"relics:roller_skates":1,"minecraft:brewing_stand":2,"minecraft:golden_carrot":1,"minecraft:wooden_axe":1,"tombstone:grave_dust":6,"minecraft:potion":3,"minecraft:raw_iron_block":11,"minecraft:string":3,"minecraft:bucket":1,"minecraft:gray_carpet":12,"minecraft:spruce_sapling":1,"minecraft:redstone":1,"securitycraft:mine":2,"minecraft:sweet_berries":7,"minecraft:player_head":2,"useless_sword:ravager_sword":1,"iceandfire:witherbone":1,"minecraft:ender_eye":1,"minecraft:waxed_exposed_cut_copper":1,"minecraft:stripped_acacia_wood":1,"minecraft:polished_deepslate_stairs":1,"minecraft:flint_and_steel":2,"minecraft:mud_bricks":13,"minecraft:spruce_trapdoor":8,"minecraft:spruce_planks":3,"minecraft:oak_sapling":12,"minecraft:waxed_oxidized_cut_copper":9,"minecraft:spider_eye":1,"minecraft:spruce_log":1,"minecraft:dark_prismarine":1},"minecraft:picked_up":{"minecraft:iron_chestplate":2,"minecraft:wheat":79,"minecraft:anvil":1,"minecraft:diamond_sword":2,"minecraft:potion":2,"minecraft:enchanted_book":3,"minecraft:brewing_stand":2,"minecraft:polished_deepslate":1,"minecraft:waxed_cut_copper_slab":4,"minecraft:string":29,"minecraft:dark_oak_trapdoor":13,"minecraft:raw_copper":15,"graveyard:sarcophagus":4,"minecraft:sea_pickle":1,"minecraft:deepslate_tiles":1,"minecraft:comparator":2,"minecraft:bucket":1,"minecraft:spruce_planks":24,"minecraft:waxed_exposed_cut_copper":3,"minecraft:white_tulip":1,"minecraft:rose_bush":2,"minecraft:cobblestone_slab":1,"minecraft:ender_eye":3,"minecraft:iron_pickaxe":1,"minecraft:stick":15,"minecraft:polished_deepslate_stairs":1,"minecraft:torch":9,"alexscaves:raw_azure_neodymium":37,"minecraft:porkchop":7,"alexscaves:nuclear_bomb":2,"minecraft:pointed_dripstone":5,"tombstone:grave_dust":9,"msmlegacy:relic_key_blade":1,"minecraft:goat_horn":1,"minecraft:waxed_cut_copper_stairs":3,"minecraft:rotten_flesh":44,"artifacts:villager_hat":1,"relics:horse_flute":1,"minecraft:white_terracotta":1,"minecraft:waxed_cut_copper":7,"minecraft:deepslate_brick_stairs":5,"minecraft:obsidian":10,"minecraft:iron_bars":1,"minecraft:blaze_powder":5,"minecraft:cobblestone":25,"graveyard:skull_pile":1,"relics:roller_skates":2,"useless_sword:valhalla_sword":1,"minecraft:oxidized_copper":2,"minecraft:feather":3,"minecraft:lilac":4,"minecraft:mud_brick_stairs":1,"minecraft:smoker":1,"minecraft:potato":225,"minecraft:flint":1,"minecraft:stripped_spruce_wood":1,"graveyard:dark_iron_door":2,"minecraft:wither_skeleton_skull":1,"minecraft:lapis_lazuli":38,"minecraft:dirt":50,"alexscaves:galena":21,"minecraft:purple_carpet":1,"minecraft:bone":81,"minecraft:bow":3,"minecraft:cobbled_deepslate_wall":1,"minecraft:wheat_seeds":245,"graveyard:creeper_skeleton":9,"minecraft:mossy_stone_bricks":1,"minecraft:diamond_helmet":1,"minecraft:moss_block":8,"minecraft:oak_planks":3,"graveyard:fire_brazier":4,"securitycraft:mine":2,"minecraft:black_terracotta":11,"minecraft:cooked_porkchop":4,"minecraft:stripped_acacia_wood":1,"minecraft:stripped_spruce_log":20,"minecraft:lily_of_the_valley":1,"minecraft:grass_block":1,"minecraft:diamond_block":29,"sons_of_sins:flesh_of_demise":2,"minecraft:dark_prismarine":1,"minecraft:bundle":2,"minecraft:diamond":203,"minecraft:soul_lantern":3,"iceandfire:silver_nugget":62,"minecraft:polished_blackstone_button":2,"alexsmobs:banana_slug_slime":1,"alexscaves:raw_scarlet_neodymium":17,"minecraft:netherrack":2,"minecraft:crossbow":1,"minecraft:bone_meal":8,"minecraft:golden_apple":146,"minecraft:spruce_sign":2,"minecraft:chainmail_helmet":2,"minecraft:bread":62,"minecraft:oak_sapling":16,"minecraft:dark_oak_fence":3,"iceandfire:raw_silver":4,"minecraft:coarse_dirt":19,"minecraft:charcoal":2,"minecraft:waxed_oxidized_cut_copper":11,"minecraft:crafting_table":1,"iceandfire:witherbone":3,"minecraft:chicken":2,"graveyard:lying_wither_skeleton":1,"graveyard:dark_iron_ingot":7,"minecraft:brown_mushroom":3,"minecraft:stone_brick_wall":2,"minecraft:cooked_rabbit":1,"minecraft:crimson_trapdoor":2,"tombstone:scroll_of_preservation":2,"iceandfire:frozen_splinters":1,"minecraft:acacia_door":1,"minecraft:wooden_sword":1,"minecraft:flint_and_steel":2,"minecraft:netherite_scrap":40,"minecraft:item_frame":1,"graveyard:corruption":26,"useless_sword:ravager_sword":1,"minecraft:cracked_stone_bricks":3,"minecraft:beef":9,"minecraft:player_head":2,"minecraft:lectern":2,"useless_sword:ravager_leather":11,"minecraft:spruce_trapdoor":8,"minecraft:egg":4,"minecraft:raw_iron":11,"minecraft:copper_ingot":1,"minecraft:cookie":5,"minecraft:redstone":1,"graveyard:lying_skeleton":1,"minecraft:dark_oak_planks":47,"minecraft:tnt":2,"minecraft:arrow":50,"minecraft:peony":1,"minecraft:saddle":3,"minecraft:gold_ingot":84,"minecraft:glow_berries":1,"minecraft:white_wool":7,"minecraft:cracked_deepslate_tiles":1,"relics:ice_skates":2,"minecraft:mud_bricks":93,"minecraft:dark_oak_button":1,"minecraft:golden_carrot":73,"minecraft:salmon":1,"minecraft:leather":17,"minecraft:red_mushroom":4,"minecraft:packed_mud":41,"minecraft:oak_log":8,"minecraft:chainmail_chestplate":1,"minecraft:lily_pad":1,"minecraft:golden_boots":3,"minecraft:gunpowder":15,"minecraft:white_banner":2,"tombstone:gift":1,"minecraft:red_carpet":12,"minecraft:waxed_weathered_cut_copper":1,"minecraft:stone_bricks":3,"minecraft:apple":1,"minecraft:gray_carpet":23,"minecraft:acacia_trapdoor":2,"minecraft:iron_ingot":1,"minecraft:cooked_chicken":1,"minecraft:cobweb":12,"tombstone:bag_of_seeds":1,"minecraft:glass_bottle":27,"minecraft:iron_sword":2,"minecraft:oxidized_cut_copper":27,"sophisticatedbackpacks:diamond_backpack":2,"minecraft:book":17,"minecraft:scaffolding":5,"minecraft:dark_oak_slab":2,"minecraft:emerald_block":2,"minecraft:sweet_berries":18,"minecraft:stone_brick_slab":2,"minecraft:raw_iron_block":13,"minecraft:dripstone_block":6,"minecraft:amethyst_shard":4,"minecraft:spruce_sapling":11,"minecraft:mud_brick_wall":11,"minecraft:spruce_log":26,"minecraft:crying_obsidian":1,"minecraft:mossy_stone_brick_slab":3,"minecraft:spider_eye":2,"minecraft:pumpkin_seeds":2,"minecraft:purple_bed":1,"minecraft:chainmail_leggings":1,"alexscaves:azure_neodymium_pillar":32,"alexscaves:scarlet_neodymium_pillar":21,"tombstone:magic_scroll":2,"minecraft:coal":11,"minecraft:sunflower":6},"minecraft:killed_by":{"minecraft:wither_skeleton":15,"minecraft:pillager":1,"minecraft:zombie":6,"graveyard:wraith":3,"minecraft:player":2,"minecraft:iron_golem":1,"minecraft:skeleton":13},"minecraft:broken":{"minecraft:iron_boots":1,"minecraft:iron_chestplate":1,"minecraft:iron_leggings":1,"minecraft:diamond_boots":1,"minecraft:iron_sword":2,"minecraft:wooden_axe":1,"minecraft:iron_hoe":1,"minecraft:diamond_chestplate":1,"minecraft:diamond_leggings":1,"minecraft:chainmail_helmet":1,"minecraft:iron_axe":1,"minecraft:iron_helmet":1},"minecraft:mined":{"minecraft:dark_oak_planks":6,"minecraft:blue_carpet":5,"securitycraft:mine":2,"minecraft:spruce_planks":21,"minecraft:oak_sapling":2,"minecraft:mossy_stone_brick_slab":4,"minecraft:black_terracotta":6,"alexscaves:azure_neodymium_pillar":25,"minecraft:obsidian":2,"minecraft:brewing_stand":1,"minecraft:light_blue_carpet":1,"minecraft:deepslate_tile_wall":1,"minecraft:stone_brick_wall":2,"minecraft:grass_block":50,"graveyard:dark_iron_door":4,"minecraft:deepslate_bricks":3,"minecraft:mud_bricks":30,"minecraft:mud_brick_wall":13,"minecraft:spawner":19,"graveyard:wither_skull_with_rib_cage":1,"minecraft:raw_iron_block":1,"minecraft:iron_ore":2,"minecraft:cobbled_deepslate":2,"minecraft:fire":45,"graveyard:leaning_wither_skeleton":2,"minecraft:moss_carpet":2,"minecraft:anvil":1,"alexscaves:scarlet_neodymium_node":1,"biomesoplenty:hanging_cobweb":1,"minecraft:pointed_dripstone":1,"minecraft:cave_vines":1,"minecraft:iron_bars":1,"minecraft:purple_carpet":1,"minecraft:deepslate_brick_stairs":4,"minecraft:waxed_cut_copper_stairs":6,"minecraft:waxed_cut_copper":11,"minecraft:brown_mushroom":3,"minecraft:polished_deepslate_stairs":2,"graveyard:dark_iron_trapdoor":1,"minecraft:smoker":1,"graveyard:fire_brazier":4,"biomesoplenty:hanging_cobweb_strand":1,"minecraft:torch":7,"minecraft:mud_brick_stairs":2,"alexscaves:energized_galena_scarlet":12,"minecraft:cobblestone":3,"minecraft:white_candle":1,"minecraft:oak_planks":3,"graveyard:lying_skeleton":1,"minecraft:wall_torch":3,"minecraft:white_terracotta":1,"minecraft:dark_oak_slab":3,"minecraft:wheat":83,"minecraft:waxed_oxidized_cut_copper_stairs":1,"minecraft:tnt":4,"graveyard:skull_pile":2,"minecraft:stone_brick_stairs":1,"minecraft:grass":71,"minecraft:cracked_deepslate_tiles":3,"graveyard:creeper_skeleton":10,"minecraft:oak_log":8,"minecraft:loom":1,"minecraft:dirt":4,"minecraft:netherrack":2,"minecraft:tripwire_hook":2,"minecraft:wither_skeleton_skull":1,"minecraft:deepslate":4,"minecraft:polished_deepslate_wall":1,"minecraft:oak_leaves":90,"minecraft:deepslate_tiles":5,"minecraft:crying_obsidian":1,"minecraft:tuff":3,"minecraft:red_carpet":4,"iceandfire:silver_ore":2,"minecraft:glow_lichen":1,"minecraft:dark_oak_fence":3,"graveyard:tg_deepslate":3,"iceandfire:frozen_splinters":1,"minecraft:spruce_leaves":5,"minecraft:red_mushroom":4,"alexscaves:galena":13,"minecraft:large_fern":22,"minecraft:packed_mud":10,"minecraft:waxed_oxidized_cut_copper":2,"minecraft:spruce_sapling":1,"minecraft:acacia_trapdoor":3,"graveyard:tg_moss_block":4,"minecraft:stripped_spruce_log":21,"minecraft:peony":2,"graveyard:sarcophagus":4,"minecraft:bookshelf":6,"minecraft:potatoes":51,"minecraft:deepslate_iron_ore":9,"minecraft:cobblestone_slab":1,"minecraft:vine":1,"minecraft:stone":20,"graveyard:lying_wither_skeleton":1,"minecraft:ender_chest":1,"minecraft:scaffolding":4,"minecraft:lily_of_the_valley":1,"alexscaves:azure_neodymium_node":4,"minecraft:stone_brick_slab":2,"minecraft:crafting_table":1,"minecraft:cobbled_deepslate_wall":1,"minecraft:rose_bush":5,"minecraft:sculk_sensor":1,"alexscaves:metal_swarf":1,"minecraft:copper_ore":3,"minecraft:tall_grass":55,"biomesoplenty:sprout":12,"minecraft:lapis_ore":5,"minecraft:purple_bed":1,"minecraft:coarse_dirt":24,"graveyard:vase_block":2,"minecraft:stripped_spruce_wood":1,"minecraft:sea_pickle":2,"minecraft:sweet_berry_bush":7,"minecraft:spruce_log":25,"minecraft:birch_leaves":10,"graveyard:dark_iron_bars":3,"minecraft:coal_ore":11,"iceandfire:silver_pile":9,"minecraft:gravel":2,"minecraft:sunflower":11,"minecraft:dripstone_block":4,"graveyard:leaning_skeleton":2,"biomesoplenty:stringy_cobweb":2,"minecraft:gray_carpet":2,"minecraft:cobweb":34,"minecraft:cracked_stone_bricks":3,"minecraft:stripped_acacia_wood":1,"minecraft:stone_bricks":4,"minecraft:small_dripleaf":2,"minecraft:mossy_stone_bricks":3,"minecraft:waxed_exposed_cut_copper":3,"alexscaves:scarlet_neodymium_pillar":23,"minecraft:fern":11}},"DataVersion":3465}