{"stats":{"minecraft:used":{"alexsmobs:animal_dictionary":1,"minecraft:coarse_dirt":1},"minecraft:killed":{"minecraft:pig":1},"minecraft:custom":{"minecraft:time_since_rest":10339,"minecraft:crouch_one_cm":224,"minecraft:play_time":10339,"minecraft:sprint_one_cm":16848,"minecraft:walk_one_cm":16533,"minecraft:sneak_time":35,"minecraft:walk_under_water_one_cm":183,"minecraft:mob_kills":1,"minecraft:jump":74,"minecraft:damage_dealt":100,"minecraft:walk_on_water_one_cm":1028,"minecraft:leave_game":3,"minecraft:time_since_death":10339,"minecraft:total_world_time":10339,"minecraft:climb_one_cm":378,"minecraft:swim_one_cm":2403,"minecraft:fall_one_cm":687,"minecraft:fly_one_cm":10087},"minecraft:mined":{"minecraft:coarse_dirt":1,"minecraft:vine":1,"minecraft:brown_mushroom":1,"minecraft:spruce_leaves":4,"minecraft:sugar_cane":1,"minecraft:mangrove_propagule":1},"minecraft:picked_up":{"minecraft:coarse_dirt":1,"minecraft:brown_mushroom":1,"minecraft:porkchop":1,"minecraft:sugar_cane":4,"minecraft:mangrove_propagule":1}},"DataVersion":3465}