{"stats":{"minecraft:used":{"minecraft:beetroot":10,"alexsmobs:raw_catfish":3,"minecraft:stone_pickaxe":6,"minecraft:cyan_candle":1,"minecraft:chest":2,"minecraft:oak_planks":28,"minecraft:spruce_planks":16,"minecraft:wooden_pickaxe":27,"minecraft:iron_sword":78,"minecraft:stripped_mangrove_wood":3,"minecraft:glow_berries":20,"minecraft:dirt":36,"minecraft:crafting_table":3,"minecraft:mushroom_stew":1,"minecraft:carrot":6,"relics:horse_flute":7,"minecraft:wooden_axe":56,"minecraft:cyan_bed":2,"minecraft:bread":8,"minecraft:sweet_berries":6,"alexsmobs:animal_dictionary":1,"minecraft:coarse_dirt":2},"minecraft:killed":{"minecraft:pig":2,"alexsmobs:raccoon":2,"minecraft:spider":2,"minecraft:sheep":2,"alexsmobs:catfish":3,"minecraft:zombie":1,"alexsmobs:banana_slug":1,"minecraft:cow":1},"minecraft:dropped":{"minecraft:bread":4,"minecraft:nether_brick_slab":1,"minecraft:shelter_pottery_sherd":1,"minecraft:mangrove_roots":1,"minecraft:diamond":16,"minecraft:bowl":1,"minecraft:cobblestone":2,"minecraft:spruce_stairs":2,"minecraft:stick":6,"minecraft:dirt":8,"minecraft:spruce_planks":58,"minecraft:wooden_axe":1,"minecraft:stone_bricks":1,"minecraft:iron_bars":1,"minecraft:string":4,"minecraft:dark_oak_planks":5},"minecraft:custom":{"minecraft:mob_kills":14,"minecraft:interact_with_crafting_table":6,"minecraft:open_barrel":7,"minecraft:interact_with_grindstone":1,"minecraft:leave_game":1,"minecraft:time_since_death":61172,"minecraft:sleep_in_bed":4,"minecraft:climb_one_cm":24148,"minecraft:time_since_rest":15224,"minecraft:sprint_one_cm":171621,"minecraft:damage_taken":1173,"minecraft:walk_one_cm":174570,"minecraft:drop":23,"minecraft:damage_dealt":1749,"minecraft:swim_one_cm":14929,"minecraft:fly_one_cm":241583,"minecraft:open_chest":16,"tombstone:undead_killed":1,"minecraft:crouch_one_cm":2808,"minecraft:play_time":94918,"minecraft:deaths":2,"minecraft:sneak_time":1439,"minecraft:walk_under_water_one_cm":11739,"minecraft:jump":1335,"minecraft:interact_with_blast_furnace":2,"minecraft:walk_on_water_one_cm":22921,"minecraft:total_world_time":94918,"minecraft:fall_one_cm":41334},"minecraft:mined":{"minecraft:dark_oak_planks":2,"minecraft:spruce_planks":13,"iceandfire:silver_ore":1,"minecraft:red_banner":1,"minecraft:red_nether_bricks":3,"minecraft:potted_flowering_azalea_bush":1,"minecraft:mangrove_roots":1,"minecraft:clay":1,"minecraft:crafting_table":3,"minecraft:ladder":1,"minecraft:cave_vines_plant":3,"minecraft:grass_block":20,"minecraft:calcite":3,"minecraft:decorated_pot":1,"minecraft:nether_brick_slab":1,"minecraft:tall_grass":2,"minecraft:spruce_leaves":3,"biomesoplenty:sprout":4,"minecraft:cyan_bed":3,"minecraft:moss_block":2,"minecraft:mangrove_propagule":1,"minecraft:spruce_stairs":2,"minecraft:tall_seagrass":1,"minecraft:coarse_dirt":2,"minecraft:stripped_spruce_wood":7,"minecraft:sweet_berry_bush":3,"minecraft:spruce_log":8,"minecraft:stripped_spruce_log":14,"graveyard:skull_pile":1,"minecraft:stripped_dark_oak_wood":1,"minecraft:dark_oak_stairs":1,"minecraft:grass":9,"minecraft:oak_log":7,"minecraft:cave_vines":9,"minecraft:iron_bars":1,"graveyard:leaning_skeleton":1,"minecraft:dirt":18,"minecraft:gray_carpet":1,"minecraft:blue_orchid":1,"minecraft:stone":11,"minecraft:stone_bricks":1,"minecraft:stripped_mangrove_wood":3,"minecraft:orange_wall_banner":1,"minecraft:player_head":1,"minecraft:oak_leaves":14,"minecraft:cyan_candle":2,"minecraft:fern":1},"minecraft:killed_by":{"minecraft:husk":1,"minecraft:skeleton":1},"minecraft:picked_up":{"minecraft:wooden_axe":1,"minecraft:coarse_dirt":2,"minecraft:shelter_pottery_sherd":1,"minecraft:crafting_table":4,"minecraft:flower_pot":1,"minecraft:wooden_pickaxe":1,"minecraft:orange_banner":1,"minecraft:stripped_spruce_wood":7,"minecraft:oak_log":7,"minecraft:dirt":46,"minecraft:string":5,"minecraft:red_nether_bricks":3,"minecraft:beetroot":4,"minecraft:stone_bricks":1,"minecraft:gray_carpet":1,"minecraft:spruce_planks":48,"minecraft:player_head":1,"minecraft:calcite":3,"minecraft:cyan_candle":3,"minecraft:moss_block":2,"minecraft:flowering_azalea":1,"minecraft:stick":10,"minecraft:stripped_mangrove_wood":3,"minecraft:sweet_berries":5,"minecraft:spruce_stairs":3,"minecraft:porkchop":6,"minecraft:stripped_spruce_log":14,"minecraft:red_banner":1,"minecraft:spruce_log":8,"minecraft:nether_brick_slab":1,"minecraft:cyan_bed":3,"minecraft:spruce_door":1,"minecraft:dark_oak_planks":2,"alexsmobs:raw_catfish":5,"minecraft:stripped_dark_oak_wood":1,"minecraft:golden_apple":1,"minecraft:mangrove_roots":1,"minecraft:mutton":1,"minecraft:glow_berries":5,"minecraft:iron_bars":1,"minecraft:mangrove_propagule":1,"minecraft:white_wool":1,"minecraft:cobblestone":5},"minecraft:crafted":{"minecraft:oak_planks":28,"minecraft:crafting_table":1,"minecraft:spruce_planks":116,"minecraft:wooden_pickaxe":1,"minecraft:stick":8,"minecraft:stone_pickaxe":1,"minecraft:wooden_axe":1,"minecraft:chest":2,"minecraft:dark_oak_planks":4}},"DataVersion":3465}