{"stats":{"minecraft:picked_up":{"minecraft:coarse_dirt":10,"minecraft:ladder":5,"minecraft:mangrove_roots":1,"minecraft:dirt":11,"minecraft:moss_carpet":1},"minecraft:custom":{"minecraft:open_chest":11,"minecraft:time_since_rest":11180,"minecraft:crouch_one_cm":765,"minecraft:play_time":17893,"minecraft:sprint_one_cm":8271,"minecraft:damage_taken":495,"minecraft:deaths":1,"minecraft:walk_one_cm":22490,"minecraft:sneak_time":460,"minecraft:walk_under_water_one_cm":1024,"minecraft:jump":132,"minecraft:damage_dealt":58,"minecraft:leave_game":9,"minecraft:time_since_death":11485,"minecraft:walk_on_water_one_cm":4178,"minecraft:total_world_time":17893,"minecraft:climb_one_cm":15017,"minecraft:swim_one_cm":1766,"minecraft:fall_one_cm":6092,"minecraft:fly_one_cm":14697},"minecraft:killed_by":{"minecraft:zombie":1},"minecraft:used":{"minecraft:dirt":9,"minecraft:mangrove_roots":1,"minecraft:ladder":1,"tombstone:gift":1,"minecraft:coarse_dirt":10},"minecraft:mined":{"minecraft:ladder":5,"minecraft:grass":1,"minecraft:grass_block":12,"minecraft:coarse_dirt":10,"minecraft:vine":2,"minecraft:gravel":1,"minecraft:mangrove_roots":1,"minecraft:mangrove_leaves":4}},"DataVersion":3465}