{"stats":{"minecraft:killed":{"minecraft:spider":5,"minecraft:skeleton":2,"minecraft:ravager":1,"minecraft:creeper":3,"minecraft:pillager":2,"minecraft:zombie":5},"minecraft:used":{"minecraft:iron_shovel":111,"minecraft:stone_shovel":131,"minecraft:ladder":1,"minecraft:chest":8,"minecraft:spruce_planks":78,"minecraft:white_terracotta":2,"minecraft:iron_sword":119,"minecraft:stone":10,"minecraft:torch":21,"minecraft:dirt":137,"minecraft:stone_stairs":15,"minecraft:deepslate_brick_slab":32,"minecraft:glass":10,"minecraft:wooden_axe":1,"minecraft:lantern":8,"minecraft:birch_sapling":1,"minecraft:polished_deepslate_wall":2,"minecraft:stone_bricks":208,"minecraft:mangrove_roots":1,"minecraft:sweet_berries":7,"minecraft:oak_sapling":3,"minecraft:furnace":5,"tombstone:gift":2,"minecraft:egg":1,"minecraft:potato":8,"minecraft:cobbled_deepslate":5,"cataclysm:stone_tile_slab":130,"minecraft:iron_leggings":1,"minecraft:spruce_door":5,"minecraft:baked_potato":47,"minecraft:stone_pickaxe":131,"minecraft:oak_planks":6,"minecraft:wooden_pickaxe":31,"minecraft:stonecutter":3,"cataclysm:stone_tile_wall":3,"minecraft:crafting_table":6,"minecraft:red_bed":4,"minecraft:blast_furnace":2,"cataclysm:stone_tile_stairs":6,"minecraft:spruce_log":1,"minecraft:smoker":2,"minecraft:deepslate_brick_stairs":67,"minecraft:deepslate_tile_wall":2,"minecraft:oak_log":14,"minecraft:diamond_pickaxe":400,"minecraft:bread":38,"minecraft:iron_pickaxe":753,"tombstone:grave_key":2,"minecraft:stone_axe":140,"minecraft:cobblestone":9,"minecraft:grindstone":1,"minecraft:smithing_table":1,"minecraft:coarse_dirt":14},"minecraft:crafted":{"minecraft:grindstone":1,"minecraft:oak_planks":60,"minecraft:stone_shovel":1,"minecraft:polished_deepslate_wall":1,"minecraft:furnace":2,"minecraft:stone":381,"minecraft:stone_stairs":12,"minecraft:deepslate_brick_stairs":19,"minecraft:glass":22,"minecraft:diamond":9,"minecraft:stone_pickaxe":1,"minecraft:chest":5,"minecraft:deepslate_tile_wall":1,"minecraft:stone_bricks":2,"cataclysm:stone_tile_wall":3,"minecraft:crafting_table":2,"minecraft:spruce_planks":124,"minecraft:wooden_pickaxe":1,"minecraft:baked_potato":52,"minecraft:spruce_door":3,"minecraft:smithing_table":1,"minecraft:stone_axe":1,"minecraft:air":0,"minecraft:diamond_pickaxe":1,"cataclysm:stone_tile_stairs":6,"minecraft:stick":36,"minecraft:iron_ingot":14,"minecraft:iron_pickaxe":3,"minecraft:wooden_axe":1,"minecraft:iron_shovel":2,"minecraft:stonecutter":1,"minecraft:torch":4},"minecraft:dropped":{"minecraft:wheat_seeds":27,"msmlegacy:relic_key_blade":1,"minecraft:bone":9,"minecraft:stone_axe":1,"minecraft:pumpkin_seeds":2,"minecraft:gunpowder":3,"minecraft:egg":2},"minecraft:custom":{"minecraft:interact_with_smithing_table":1,"minecraft:mob_kills":19,"minecraft:interact_with_anvil":1,"minecraft:interact_with_crafting_table":36,"minecraft:bell_ring":16,"minecraft:leave_game":11,"minecraft:time_since_death":64425,"minecraft:climb_one_cm":20187,"minecraft:sprint_one_cm":733674,"minecraft:walk_one_cm":615124,"minecraft:drop":11,"minecraft:talked_to_villager":2,"minecraft:raid_win":1,"minecraft:play_time":293805,"minecraft:deaths":5,"minecraft:sneak_time":1895,"minecraft:walk_under_water_one_cm":7921,"minecraft:jump":4304,"minecraft:interact_with_blast_furnace":25,"minecraft:walk_on_water_one_cm":7675,"minecraft:total_world_time":293805,"minecraft:interact_with_furnace":62,"tombstone:raider_killed":3,"minecraft:interact_with_grindstone":2,"minecraft:interact_with_stonecutter":26,"minecraft:sleep_in_bed":7,"minecraft:time_since_rest":16668,"minecraft:damage_taken":4431,"minecraft:damage_dealt":5588,"minecraft:swim_one_cm":6575,"minecraft:fly_one_cm":1109544,"minecraft:open_chest":175,"minecraft:crouch_one_cm":5061,"tombstone:undead_killed":7,"minecraft:interact_with_smoker":11,"minecraft:fall_one_cm":142458},"minecraft:picked_up":{"minecraft:crafting_table":4,"minecraft:coarse_dirt":19,"minecraft:ladder":5,"minecraft:stone_slab":1,"minecraft:chain":2,"minecraft:polished_deepslate_wall":1,"minecraft:moss_carpet":1,"minecraft:string":4,"minecraft:red_bed":3,"minecraft:stone_stairs":6,"minecraft:raw_copper":25,"minecraft:flint_and_steel":1,"minecraft:iron_leggings":1,"minecraft:cobbled_deepslate":82,"minecraft:spruce_planks":23,"minecraft:deepslate_tile_wall":1,"minecraft:chest":3,"minecraft:birch_sapling":1,"useless_sword:ravager_leather":2,"minecraft:egg":3,"minecraft:furnace":3,"minecraft:stick":6,"minecraft:raw_iron":15,"minecraft:torch":19,"iceandfire:rotten_egg":1,"minecraft:pointed_dripstone":2,"msmlegacy:relic_key_blade":1,"minecraft:arrow":4,"minecraft:rotten_flesh":5,"minecraft:saddle":1,"minecraft:mangrove_roots":1,"minecraft:white_terracotta":4,"minecraft:deepslate_brick_stairs":10,"minecraft:cobblestone":1085,"minecraft:smoker":2,"minecraft:potato":143,"minecraft:flint":13,"minecraft:oak_log":34,"minecraft:gunpowder":3,"cataclysm:stone_tile_slab":2,"minecraft:lantern":11,"minecraft:dirt":245,"minecraft:bone":9,"minecraft:apple":1,"minecraft:stone_bricks":3,"minecraft:stonecutter":2,"minecraft:wheat_seeds":56,"minecraft:iron_ingot":19,"minecraft:sweet_berries":5,"minecraft:gravel":70,"minecraft:sand":22,"minecraft:spruce_sapling":3,"minecraft:blast_furnace":2,"minecraft:spruce_log":12,"minecraft:diamond_block":3,"minecraft:spruce_door":3,"minecraft:pumpkin_seeds":2,"minecraft:stone_axe":1,"minecraft:iron_helmet":1,"minecraft:baked_potato":59,"minecraft:oak_sapling":13,"minecraft:coal":47,"iceandfire:raw_silver":3},"minecraft:killed_by":{"minecraft:iron_golem":1,"minecraft:vindicator":1,"iceandfire:ice_dragon":1,"minecraft:zombie":1,"graveyard:wraith":1},"minecraft:broken":{"minecraft:stone_pickaxe":1,"minecraft:stone_axe":1,"minecraft:iron_pickaxe":3,"minecraft:iron_helmet":1,"minecraft:stone_shovel":1},"minecraft:mined":{"minecraft:spruce_planks":20,"iceandfire:silver_ore":3,"minecraft:mangrove_roots":1,"minecraft:ladder":5,"minecraft:deepslate_tile_wall":1,"minecraft:acacia_log":1,"minecraft:grass_block":148,"minecraft:spruce_leaves":15,"minecraft:large_fern":29,"minecraft:furnace":3,"minecraft:iron_ore":5,"minecraft:cobbled_deepslate":32,"minecraft:fire":9,"minecraft:pointed_dripstone":2,"minecraft:potatoes":63,"minecraft:vine":2,"minecraft:lantern":11,"minecraft:deepslate_brick_stairs":8,"minecraft:stone":1106,"minecraft:red_bed":3,"minecraft:smoker":2,"minecraft:spruce_door":1,"minecraft:crafting_table":4,"minecraft:torch":3,"minecraft:blast_furnace":2,"minecraft:chest":3,"minecraft:stone_slab":1,"minecraft:cobblestone":1,"minecraft:tall_grass":85,"minecraft:copper_ore":7,"cataclysm:stone_tile_slab":2,"minecraft:wall_torch":6,"minecraft:white_terracotta":2,"minecraft:stone_stairs":6,"minecraft:chain":2,"minecraft:coarse_dirt":18,"minecraft:spruce_log":12,"minecraft:birch_leaves":5,"minecraft:mangrove_leaves":4,"graveyard:skull_pile":1,"minecraft:grass":156,"minecraft:oak_log":31,"minecraft:coal_ore":24,"minecraft:sand":22,"minecraft:gravel":93,"graveyard:leaning_skeleton":1,"minecraft:dirt":59,"minecraft:stonecutter":2,"minecraft:stone_bricks":3,"minecraft:polished_deepslate_wall":1,"minecraft:oak_leaves":143,"minecraft:deepslate":53,"minecraft:fern":8}},"DataVersion":3465}