{"stats":{"minecraft:mined":{"minecraft:spruce_planks":20,"minecraft:mangrove_roots":1,"minecraft:ladder":5,"minecraft:acacia_log":1,"minecraft:grass_block":148,"minecraft:spruce_leaves":15,"minecraft:large_fern":26,"minecraft:furnace":3,"minecraft:iron_ore":4,"minecraft:fire":9,"minecraft:cobbled_deepslate":26,"minecraft:potatoes":42,"minecraft:vine":2,"minecraft:deepslate_brick_stairs":8,"minecraft:stone":352,"minecraft:red_bed":3,"minecraft:smoker":2,"minecraft:spruce_door":1,"minecraft:crafting_table":4,"minecraft:torch":1,"minecraft:blast_furnace":2,"minecraft:chest":3,"minecraft:stone_slab":1,"minecraft:tall_grass":74,"minecraft:copper_ore":6,"minecraft:wall_torch":2,"minecraft:white_terracotta":2,"minecraft:stone_stairs":5,"minecraft:chain":2,"minecraft:coarse_dirt":13,"minecraft:spruce_log":12,"minecraft:birch_leaves":5,"minecraft:mangrove_leaves":4,"graveyard:skull_pile":1,"minecraft:grass":149,"minecraft:oak_log":31,"minecraft:coal_ore":18,"minecraft:sand":22,"minecraft:gravel":52,"graveyard:leaning_skeleton":1,"minecraft:dirt":28,"minecraft:stonecutter":2,"minecraft:oak_leaves":142,"minecraft:deepslate":53,"minecraft:fern":8},"minecraft:dropped":{"minecraft:stone_axe":1},"minecraft:killed_by":{"minecraft:iron_golem":1,"iceandfire:ice_dragon":1,"minecraft:zombie":1,"graveyard:wraith":1},"minecraft:broken":{"minecraft:stone_pickaxe":1,"minecraft:stone_axe":1,"minecraft:iron_pickaxe":1,"minecraft:iron_helmet":1,"minecraft:stone_shovel":1},"minecraft:killed":{"minecraft:spider":4,"minecraft:skeleton":2,"minecraft:creeper":3,"minecraft:zombie":5},"minecraft:crafted":{"minecraft:grindstone":1,"minecraft:oak_planks":60,"minecraft:stone_shovel":1,"minecraft:furnace":2,"minecraft:stone":76,"minecraft:stone_stairs":12,"minecraft:deepslate_brick_stairs":19,"minecraft:glass":22,"minecraft:stone_pickaxe":1,"minecraft:chest":5,"cataclysm:stone_tile_wall":3,"minecraft:crafting_table":2,"minecraft:spruce_planks":112,"minecraft:wooden_pickaxe":1,"minecraft:baked_potato":33,"minecraft:spruce_door":3,"minecraft:smithing_table":1,"minecraft:stone_axe":1,"minecraft:air":0,"cataclysm:stone_tile_stairs":6,"minecraft:stick":32,"minecraft:iron_ingot":14,"minecraft:iron_pickaxe":2,"minecraft:wooden_axe":1,"minecraft:iron_shovel":1,"minecraft:stonecutter":1,"minecraft:torch":4},"minecraft:picked_up":{"minecraft:crafting_table":4,"minecraft:coarse_dirt":14,"minecraft:ladder":5,"minecraft:stone_slab":1,"minecraft:chain":2,"minecraft:moss_carpet":1,"minecraft:string":2,"minecraft:red_bed":3,"minecraft:stone_stairs":5,"minecraft:raw_copper":20,"minecraft:iron_leggings":1,"minecraft:cobbled_deepslate":77,"minecraft:spruce_planks":23,"minecraft:chest":3,"minecraft:egg":3,"minecraft:furnace":3,"minecraft:stick":4,"minecraft:raw_iron":14,"minecraft:torch":5,"iceandfire:rotten_egg":1,"minecraft:arrow":4,"minecraft:rotten_flesh":5,"minecraft:mangrove_roots":1,"minecraft:white_terracotta":4,"minecraft:deepslate_brick_stairs":10,"minecraft:cobblestone":341,"minecraft:smoker":2,"minecraft:potato":69,"minecraft:flint":6,"minecraft:oak_log":34,"minecraft:gunpowder":3,"minecraft:dirt":214,"minecraft:bone":5,"minecraft:apple":1,"minecraft:stonecutter":2,"minecraft:wheat_seeds":27,"minecraft:sweet_berries":5,"minecraft:gravel":44,"minecraft:sand":22,"minecraft:spruce_sapling":3,"minecraft:blast_furnace":2,"minecraft:spruce_log":12,"minecraft:spruce_door":3,"minecraft:pumpkin_seeds":2,"minecraft:stone_axe":1,"minecraft:iron_helmet":1,"minecraft:baked_potato":59,"minecraft:oak_sapling":13,"minecraft:coal":41},"minecraft:custom":{"minecraft:interact_with_smithing_table":1,"minecraft:mob_kills":14,"minecraft:interact_with_anvil":1,"minecraft:interact_with_crafting_table":32,"minecraft:bell_ring":16,"minecraft:leave_game":9,"minecraft:time_since_death":124473,"minecraft:climb_one_cm":20091,"minecraft:sprint_one_cm":466532,"minecraft:walk_one_cm":381246,"minecraft:drop":1,"minecraft:talked_to_villager":1,"minecraft:play_time":213640,"minecraft:deaths":4,"minecraft:sneak_time":910,"minecraft:walk_under_water_one_cm":7921,"minecraft:jump":3230,"minecraft:interact_with_blast_furnace":15,"minecraft:walk_on_water_one_cm":7675,"minecraft:total_world_time":213640,"minecraft:interact_with_furnace":25,"minecraft:interact_with_grindstone":2,"minecraft:interact_with_stonecutter":12,"minecraft:sleep_in_bed":5,"minecraft:time_since_rest":59312,"minecraft:damage_taken":3601,"minecraft:damage_dealt":3621,"minecraft:swim_one_cm":6575,"minecraft:fly_one_cm":845844,"minecraft:open_chest":84,"minecraft:crouch_one_cm":1709,"tombstone:undead_killed":7,"minecraft:interact_with_smoker":7,"minecraft:fall_one_cm":110058},"minecraft:used":{"minecraft:iron_shovel":52,"minecraft:stone_shovel":131,"minecraft:ladder":1,"minecraft:spruce_planks":78,"minecraft:chest":8,"minecraft:white_terracotta":2,"minecraft:stone":2,"minecraft:iron_sword":90,"minecraft:torch":9,"minecraft:dirt":134,"minecraft:stone_stairs":14,"minecraft:deepslate_brick_slab":32,"minecraft:glass":10,"minecraft:wooden_axe":1,"minecraft:mangrove_roots":1,"minecraft:sweet_berries":7,"minecraft:oak_sapling":3,"minecraft:furnace":5,"tombstone:gift":1,"minecraft:egg":1,"minecraft:iron_leggings":1,"minecraft:spruce_door":5,"minecraft:stone_pickaxe":131,"minecraft:baked_potato":33,"minecraft:oak_planks":6,"minecraft:wooden_pickaxe":31,"minecraft:stonecutter":3,"cataclysm:stone_tile_wall":3,"minecraft:crafting_table":6,"minecraft:red_bed":4,"minecraft:blast_furnace":2,"cataclysm:stone_tile_stairs":6,"minecraft:spruce_log":1,"minecraft:smoker":1,"minecraft:deepslate_brick_stairs":67,"minecraft:oak_log":14,"minecraft:bread":35,"minecraft:iron_pickaxe":348,"minecraft:stone_axe":140,"minecraft:cobblestone":1,"minecraft:grindstone":1,"minecraft:smithing_table":1,"minecraft:coarse_dirt":11}},"DataVersion":3465}