{"stats":{"minecraft:killed":{"minecraft:spider":6,"minecraft:skeleton":5,"minecraft:ravager":1,"minecraft:creeper":3,"minecraft:pillager":2,"minecraft:zombie":6,"minecraft:cow":3},"minecraft:used":{"minecraft:iron_bars":1,"minecraft:iron_shovel":111,"minecraft:stone_shovel":131,"minecraft:ladder":1,"minecraft:chest":8,"minecraft:spruce_planks":78,"minecraft:white_terracotta":2,"minecraft:iron_sword":119,"minecraft:stone":10,"minecraft:torch":22,"minecraft:dirt":140,"minecraft:stone_stairs":15,"minecraft:deepslate_brick_slab":32,"minecraft:glass":10,"minecraft:wooden_axe":1,"minecraft:lantern":9,"minecraft:birch_sapling":1,"minecraft:polished_deepslate_wall":2,"minecraft:stone_bricks":208,"minecraft:mangrove_roots":1,"minecraft:sweet_berries":7,"minecraft:oak_sapling":3,"minecraft:furnace":5,"tombstone:gift":2,"minecraft:egg":1,"minecraft:potato":8,"minecraft:cobbled_deepslate":5,"cataclysm:stone_tile_slab":130,"minecraft:iron_leggings":1,"minecraft:spruce_door":5,"minecraft:baked_potato":75,"minecraft:oak_planks":6,"minecraft:stone_pickaxe":131,"minecraft:ender_pearl":2,"minecraft:wooden_pickaxe":31,"cataclysm:stone_tile_wall":3,"minecraft:stonecutter":3,"useless_sword:valhalla_sword":29,"minecraft:blast_furnace":2,"minecraft:crafting_table":6,"minecraft:red_bed":4,"cataclysm:stone_tile_stairs":6,"minecraft:spruce_log":1,"minecraft:smoker":2,"minecraft:deepslate_brick_stairs":67,"minecraft:deepslate_tile_wall":2,"minecraft:oak_log":14,"minecraft:diamond_pickaxe":437,"minecraft:bread":44,"minecraft:iron_pickaxe":964,"tombstone:grave_key":2,"minecraft:stone_axe":140,"minecraft:diamond_sword":4,"sons_of_sins:flesh_of_demise":1,"minecraft:cobblestone":16,"minecraft:grindstone":1,"minecraft:smithing_table":1,"minecraft:coarse_dirt":16},"minecraft:crafted":{"minecraft:grindstone":1,"minecraft:oak_planks":60,"minecraft:stone_shovel":1,"minecraft:polished_deepslate_wall":1,"minecraft:furnace":2,"minecraft:stone":406,"minecraft:stone_stairs":12,"minecraft:deepslate_brick_stairs":19,"minecraft:glass":22,"minecraft:diamond":9,"minecraft:stone_pickaxe":1,"minecraft:chest":5,"minecraft:deepslate_tile_wall":1,"minecraft:stone_bricks":2,"cataclysm:stone_tile_wall":3,"minecraft:crafting_table":2,"minecraft:spruce_planks":124,"minecraft:iron_helmet":1,"minecraft:wooden_pickaxe":1,"minecraft:baked_potato":75,"minecraft:spruce_door":3,"minecraft:smithing_table":1,"minecraft:birch_planks":20,"minecraft:stone_axe":1,"minecraft:air":0,"minecraft:diamond_pickaxe":1,"cataclysm:stone_tile_stairs":6,"minecraft:stick":36,"minecraft:iron_ingot":20,"minecraft:iron_pickaxe":3,"minecraft:wooden_axe":1,"minecraft:iron_shovel":2,"minecraft:stonecutter":1,"minecraft:torch":4},"minecraft:dropped":{"minecraft:enchanted_book":3,"minecraft:wheat_seeds":27,"minecraft:diamond":64,"minecraft:jungle_planks":2,"tombstone:magic_scroll":1,"minecraft:chain":1,"msmlegacy:relic_key_blade":1,"minecraft:bone":9,"minecraft:stone_axe":1,"minecraft:diamond_block":7,"minecraft:cobbled_deepslate":4,"useless_sword:gold_iron_alloy_sword":1,"minecraft:pumpkin_seeds":2,"minecraft:diamond_sword":1,"minecraft:cyan_wool":1,"minecraft:gunpowder":3,"minecraft:iron_bars":2,"minecraft:beef":7,"minecraft:egg":2},"minecraft:custom":{"minecraft:interact_with_smithing_table":1,"minecraft:interact_with_anvil":2,"minecraft:mob_kills":30,"minecraft:interact_with_crafting_table":39,"minecraft:bell_ring":16,"minecraft:leave_game":30,"minecraft:time_since_death":0,"minecraft:climb_one_cm":21098,"minecraft:sprint_one_cm":964319,"minecraft:walk_one_cm":725359,"minecraft:drop":25,"minecraft:talked_to_villager":2,"minecraft:raid_win":1,"minecraft:play_time":366811,"minecraft:deaths":6,"minecraft:sneak_time":2085,"minecraft:walk_under_water_one_cm":17016,"minecraft:jump":5645,"minecraft:interact_with_blast_furnace":25,"minecraft:walk_on_water_one_cm":16854,"minecraft:total_world_time":366811,"minecraft:interact_with_furnace":77,"tombstone:raider_killed":3,"minecraft:interact_with_stonecutter":26,"minecraft:interact_with_grindstone":2,"minecraft:sleep_in_bed":7,"minecraft:time_since_rest":2040,"minecraft:damage_taken":6123,"minecraft:damage_dealt":7531,"minecraft:swim_one_cm":36485,"minecraft:fly_one_cm":1434364,"minecraft:open_chest":211,"minecraft:crouch_one_cm":5542,"tombstone:undead_killed":11,"minecraft:interact_with_smoker":16,"minecraft:fall_one_cm":188025},"minecraft:picked_up":{"minecraft:crafting_table":4,"minecraft:coarse_dirt":19,"minecraft:ladder":5,"minecraft:stone_slab":1,"minecraft:diamond_sword":2,"minecraft:enchanted_book":8,"minecraft:chain":3,"minecraft:polished_deepslate_wall":1,"minecraft:stone_stairs":6,"minecraft:string":4,"minecraft:red_bed":3,"minecraft:moss_carpet":1,"minecraft:raw_copper":25,"minecraft:iron_leggings":2,"minecraft:flint_and_steel":1,"graveyard:sarcophagus":1,"minecraft:cobbled_deepslate":86,"minecraft:spruce_planks":23,"minecraft:beef":7,"minecraft:cyan_wool":1,"minecraft:iron_pickaxe":3,"minecraft:deepslate_tile_wall":1,"minecraft:chest":3,"minecraft:birch_sapling":1,"useless_sword:ravager_leather":2,"minecraft:furnace":3,"minecraft:egg":4,"minecraft:stick":6,"minecraft:raw_iron":23,"minecraft:stone":210,"minecraft:torch":20,"sophisticatedbackpacks:backpack":1,"iceandfire:rotten_egg":2,"minecraft:pointed_dripstone":2,"msmlegacy:relic_key_blade":1,"minecraft:arrow":8,"minecraft:rotten_flesh":6,"minecraft:saddle":1,"minecraft:mangrove_roots":1,"minecraft:white_terracotta":4,"minecraft:deepslate_brick_stairs":10,"minecraft:iron_bars":3,"minecraft:cobblestone":1090,"minecraft:birch_log":5,"minecraft:leather":1,"minecraft:smoker":2,"minecraft:potato":143,"minecraft:flint":13,"minecraft:oak_log":34,"minecraft:chainmail_chestplate":1,"minecraft:gunpowder":3,"cataclysm:stone_tile_slab":2,"minecraft:dirt":248,"minecraft:lantern":12,"minecraft:bone":14,"minecraft:apple":1,"minecraft:stone_bricks":3,"minecraft:stonecutter":2,"minecraft:wheat_seeds":56,"minecraft:grindstone":1,"minecraft:iron_ingot":19,"minecraft:sweet_berries":5,"minecraft:gravel":70,"minecraft:sand":22,"minecraft:jungle_planks":2,"minecraft:spruce_sapling":3,"minecraft:blast_furnace":2,"minecraft:spruce_log":12,"minecraft:diamond_block":3,"minecraft:spruce_door":3,"sons_of_sins:flesh_of_demise":1,"minecraft:pumpkin_seeds":2,"minecraft:stone_axe":1,"minecraft:iron_helmet":1,"minecraft:baked_potato":59,"tombstone:magic_scroll":2,"minecraft:oak_sapling":13,"minecraft:coal":61,"iceandfire:raw_silver":3},"minecraft:killed_by":{"minecraft:spider":1,"minecraft:iron_golem":1,"minecraft:vindicator":1,"iceandfire:ice_dragon":1,"minecraft:zombie":1,"graveyard:wraith":1},"minecraft:broken":{"minecraft:stone_pickaxe":1,"minecraft:stone_axe":1,"minecraft:iron_pickaxe":3,"minecraft:iron_helmet":1,"minecraft:stone_shovel":1},"minecraft:mined":{"minecraft:spruce_planks":20,"iceandfire:silver_ore":3,"minecraft:mangrove_roots":1,"minecraft:ladder":5,"minecraft:deepslate_tile_wall":1,"minecraft:acacia_log":1,"minecraft:grass_block":151,"minecraft:jungle_planks":2,"minecraft:spruce_leaves":15,"minecraft:large_fern":29,"minecraft:furnace":3,"minecraft:iron_ore":14,"minecraft:cobbled_deepslate":32,"minecraft:fire":9,"graveyard:sarcophagus":1,"minecraft:potatoes":63,"minecraft:pointed_dripstone":2,"minecraft:vine":2,"minecraft:iron_bars":2,"minecraft:lantern":12,"minecraft:deepslate_brick_stairs":8,"minecraft:stone":1322,"minecraft:red_bed":3,"minecraft:smoker":2,"minecraft:spruce_door":1,"minecraft:crafting_table":4,"minecraft:torch":3,"minecraft:blast_furnace":2,"minecraft:chest":3,"minecraft:stone_slab":1,"minecraft:copper_ore":7,"minecraft:tall_grass":85,"minecraft:cobblestone":1,"biomesoplenty:sprout":1,"minecraft:grindstone":1,"cataclysm:stone_tile_slab":2,"minecraft:wall_torch":7,"minecraft:white_terracotta":2,"minecraft:chain":3,"minecraft:stone_stairs":6,"minecraft:cyan_wool":2,"minecraft:coarse_dirt":18,"minecraft:birch_log":5,"minecraft:spruce_log":12,"minecraft:birch_leaves":9,"minecraft:mangrove_leaves":4,"graveyard:skull_pile":1,"minecraft:grass":160,"minecraft:oak_log":31,"minecraft:coal_ore":38,"minecraft:sand":22,"minecraft:gravel":93,"graveyard:leaning_skeleton":1,"minecraft:dirt":59,"minecraft:stonecutter":2,"minecraft:stone_bricks":3,"minecraft:polished_deepslate_wall":1,"minecraft:oak_leaves":143,"minecraft:deepslate":53,"minecraft:fern":8}},"DataVersion":3465}