{"stats":{"minecraft:mined":{"minecraft:coarse_dirt":10,"minecraft:spruce_planks":1,"minecraft:lilac":2,"minecraft:spruce_log":13,"minecraft:orange_tulip":1,"minecraft:crafting_table":1,"minecraft:grass":12,"minecraft:coal_ore":1,"minecraft:grass_block":11,"minecraft:oak_log":12,"minecraft:rose_bush":1,"minecraft:sunflower":1,"minecraft:dirt":8,"biomesoplenty:sprout":17,"minecraft:spruce_leaves":23,"minecraft:stone":77,"minecraft:oak_leaves":27},"minecraft:dropped":{"minecraft:coarse_dirt":1},"minecraft:killed":{"minecraft:sheep":1,"minecraft:pig":8,"minecraft:chicken":6,"minecraft:spider":1,"minecraft:cow":3},"minecraft:crafted":{"minecraft:crafting_table":1,"minecraft:spruce_planks":52,"minecraft:stick":12,"minecraft:wooden_pickaxe":1,"minecraft:stone_pickaxe":1,"minecraft:chest":2,"minecraft:furnace":2,"minecraft:stone_axe":1},"minecraft:picked_up":{"minecraft:stick":6,"minecraft:crafting_table":1,"minecraft:coarse_dirt":11,"minecraft:lilac":2,"minecraft:feather":6,"minecraft:chicken":6,"minecraft:leather":1,"minecraft:porkchop":27,"minecraft:oak_log":12,"minecraft:spruce_sapling":3,"minecraft:spruce_log":13,"minecraft:dirt":19,"minecraft:string":1,"minecraft:bone":3,"minecraft:arrow":4,"minecraft:wheat_seeds":1,"minecraft:orange_tulip":1,"minecraft:spruce_planks":1,"minecraft:beef":7,"minecraft:rose_bush":1,"minecraft:emerald":1,"minecraft:oak_sapling":4,"minecraft:black_wool":1,"minecraft:mutton":3,"minecraft:coal":1,"minecraft:egg":2,"minecraft:white_wool":1,"minecraft:cobblestone":73,"minecraft:sunflower":1},"minecraft:custom":{"minecraft:time_since_rest":62798,"minecraft:sprint_one_cm":159255,"minecraft:damage_taken":350,"minecraft:walk_one_cm":136299,"minecraft:mob_kills":24,"minecraft:drop":1,"minecraft:damage_dealt":1728,"minecraft:swim_one_cm":1924,"minecraft:interact_with_crafting_table":9,"minecraft:fly_one_cm":117272,"minecraft:open_chest":1,"minecraft:crouch_one_cm":763,"minecraft:play_time":62798,"minecraft:sneak_time":150,"minecraft:walk_under_water_one_cm":161,"minecraft:jump":794,"minecraft:leave_game":2,"minecraft:time_since_death":62798,"minecraft:walk_on_water_one_cm":7942,"minecraft:climb_one_cm":8,"minecraft:total_world_time":62798,"minecraft:fall_one_cm":17553},"minecraft:used":{"minecraft:sunflower":1,"minecraft:chicken":1,"minecraft:stone_pickaxe":65,"minecraft:chest":2,"minecraft:spruce_planks":1,"minecraft:wooden_pickaxe":18,"minecraft:stone_axe":98,"minecraft:dirt":15,"minecraft:mutton":3,"minecraft:crafting_table":2,"minecraft:porkchop":19,"alexsmobs:animal_dictionary":1,"minecraft:coarse_dirt":10}},"DataVersion":3465}