{"stats":{"minecraft:used":{"minecraft:stone_shovel":103,"minecraft:stone_pickaxe":167,"minecraft:spruce_planks":1,"minecraft:chest":2,"minecraft:wooden_pickaxe":18,"minecraft:torch":5,"minecraft:dirt":61,"minecraft:mutton":3,"minecraft:crafting_table":2,"minecraft:sunflower":1,"minecraft:chicken":1,"minecraft:spruce_sapling":3,"minecraft:stone_axe":165,"minecraft:furnace":1,"minecraft:porkchop":26,"alexsmobs:animal_dictionary":1,"minecraft:cooked_beef":4,"minecraft:coarse_dirt":10},"minecraft:killed":{"minecraft:pig":9,"minecraft:spider":1,"minecraft:sheep":1,"minecraft:chicken":8,"minecraft:cow":3},"minecraft:dropped":{"minecraft:stone_axe":1,"minecraft:coarse_dirt":1,"minecraft:stone_pickaxe":1},"minecraft:custom":{"minecraft:interact_with_furnace":3,"minecraft:mob_kills":27,"minecraft:interact_with_crafting_table":11,"minecraft:leave_game":12,"minecraft:time_since_death":128608,"minecraft:climb_one_cm":322,"minecraft:time_since_rest":128608,"minecraft:sprint_one_cm":250687,"minecraft:damage_taken":620,"minecraft:walk_one_cm":212434,"minecraft:drop":3,"minecraft:damage_dealt":1986,"minecraft:talked_to_villager":1,"minecraft:swim_one_cm":3697,"minecraft:fly_one_cm":217166,"minecraft:open_chest":8,"minecraft:crouch_one_cm":2042,"minecraft:play_time":128608,"minecraft:sneak_time":337,"minecraft:walk_under_water_one_cm":1912,"minecraft:jump":1319,"minecraft:walk_on_water_one_cm":22985,"minecraft:total_world_time":128608,"minecraft:fall_one_cm":30236},"minecraft:mined":{"minecraft:spruce_planks":1,"minecraft:crafting_table":1,"minecraft:grass_block":98,"minecraft:rose_bush":2,"minecraft:spruce_leaves":28,"biomesoplenty:sprout":19,"minecraft:wall_torch":1,"minecraft:coarse_dirt":12,"minecraft:lilac":2,"minecraft:spruce_log":37,"minecraft:stripped_spruce_log":1,"minecraft:orange_tulip":1,"minecraft:grass":15,"minecraft:oak_log":19,"minecraft:coal_ore":43,"minecraft:sunflower":1,"minecraft:dirt":43,"minecraft:blue_orchid":4,"minecraft:stone":137,"minecraft:oak_leaves":43},"minecraft:picked_up":{"minecraft:coarse_dirt":14,"minecraft:crafting_table":1,"minecraft:feather":9,"minecraft:lilac":3,"minecraft:chicken":8,"minecraft:leather":1,"minecraft:brown_mushroom":1,"minecraft:oak_log":19,"minecraft:string":3,"minecraft:dirt":141,"minecraft:bone":3,"minecraft:blue_orchid":4,"minecraft:wheat_seeds":3,"minecraft:orange_tulip":1,"minecraft:spruce_planks":1,"minecraft:beef":7,"minecraft:stone_pickaxe":1,"minecraft:calcite":10,"minecraft:rose_bush":2,"minecraft:egg":3,"minecraft:stick":10,"minecraft:torch":1,"minecraft:porkchop":30,"minecraft:stripped_spruce_log":1,"minecraft:spruce_sapling":6,"minecraft:spruce_log":36,"minecraft:arrow":4,"minecraft:diamond":16,"minecraft:stone_axe":1,"minecraft:bread":4,"minecraft:emerald":1,"minecraft:oak_sapling":5,"minecraft:black_wool":1,"minecraft:mutton":3,"minecraft:coal":43,"minecraft:white_wool":1,"minecraft:cobblestone":132,"minecraft:sunflower":1},"minecraft:crafted":{"minecraft:cooked_beef":7,"minecraft:stone_shovel":1,"minecraft:crafting_table":1,"minecraft:spruce_planks":52,"minecraft:wooden_pickaxe":1,"minecraft:furnace":2,"minecraft:stone_axe":2,"minecraft:stick":12,"minecraft:stone_pickaxe":2,"minecraft:chest":2,"minecraft:torch":8},"minecraft:broken":{"minecraft:stone_pickaxe":1,"minecraft:stone_axe":1}},"DataVersion":3465}