{"stats":{"minecraft:mined":{"minecraft:dark_prismarine_stairs":1,"minecraft:dark_prismarine":35,"minecraft:red_carpet":1,"minecraft:tuff":1,"minecraft:spruce_planks":2,"iceandfire:silver_ore":2,"minecraft:deepslate_diamond_ore":8,"minecraft:black_terracotta":3,"minecraft:spruce_fence":1,"minecraft:grass_block":2,"minecraft:moss_block":2,"minecraft:redstone_wire":1,"minecraft:mud_brick_wall":15,"minecraft:mud_bricks":116,"minecraft:spawner":15,"minecraft:large_fern":4,"minecraft:raw_iron_block":1,"minecraft:packed_mud":44,"minecraft:carrots":1,"minecraft:furnace":1,"minecraft:acacia_trapdoor":3,"minecraft:raw_gold_block":3,"minecraft:fire":1,"minecraft:iron_ore":20,"minecraft:cobbled_deepslate":1,"minecraft:stripped_spruce_log":7,"minecraft:deepslate_lapis_ore":2,"minecraft:peony":1,"minecraft:polished_deepslate":1,"minecraft:cave_vines":4,"minecraft:pointed_dripstone":1,"minecraft:flowering_azalea_leaves":4,"minecraft:deepslate_iron_ore":9,"minecraft:azalea_leaves":2,"minecraft:cut_copper":9,"minecraft:stone":232,"minecraft:player_head":2,"minecraft:spruce_slab":1,"minecraft:waxed_cut_copper":2,"minecraft:deepslate_redstone_ore":2,"minecraft:acacia_leaves":1,"minecraft:scaffolding":1,"minecraft:deepslate_tile_slab":1,"minecraft:note_block":6,"minecraft:torch":10,"minecraft:cyan_stained_glass_pane":5,"minecraft:calcite":12,"minecraft:mud_brick_stairs":2,"minecraft:campfire":1,"minecraft:stone_slab":1,"minecraft:tall_grass":1,"minecraft:cobblestone":24,"minecraft:damaged_anvil":1,"minecraft:wall_torch":11,"minecraft:amethyst_block":1,"minecraft:skeleton_skull":2,"minecraft:spruce_stairs":1,"minecraft:birch_log":4,"minecraft:sweet_berry_bush":1,"minecraft:spruce_log":8,"minecraft:birch_leaves":8,"minecraft:tnt":2,"graveyard:skull_pile":1,"minecraft:grass":3,"minecraft:coal_ore":13,"minecraft:acacia_door":1,"minecraft:dirt":3,"minecraft:gray_carpet":3,"minecraft:cobweb":8,"minecraft:smooth_basalt":1,"minecraft:tripwire_hook":1,"minecraft:polished_andesite":2,"minecraft:waxed_exposed_cut_copper":6,"minecraft:redstone_lamp":1,"minecraft:deepslate":42},"minecraft:dropped":{"minecraft:enchanted_book":1,"minecraft:bread":63,"minecraft:dark_oak_stairs":1,"minecraft:oak_log":1,"minecraft:glass_bottle":2,"minecraft:dark_oak_slab":1,"relics:ice_skates":2,"minecraft:iron_helmet":1,"minecraft:cobblestone":1,"minecraft:amethyst_block":1,"relics:horse_flute":1,"minecraft:saddle":3,"minecraft:deepslate_tile_slab":2,"minecraft:acacia_trapdoor":1,"minecraft:coal":1,"minecraft:raw_gold_block":3,"minecraft:red_carpet":3,"minecraft:polished_andesite":2,"minecraft:packed_mud":4,"relics:roller_skates":2,"minecraft:iron_leggings":1,"minecraft:acacia_door":1,"minecraft:string":3,"minecraft:gray_carpet":8,"minecraft:bone":1,"minecraft:smooth_basalt":1,"minecraft:player_head":1,"minecraft:cooked_chicken":1,"minecraft:cobbled_deepslate":1,"minecraft:bowl":1,"minecraft:pointed_dripstone":7,"minecraft:black_terracotta":1,"minecraft:rotten_flesh":11,"artifacts:villager_hat":1,"minecraft:spruce_fence":1,"minecraft:carrot":4,"minecraft:flint_and_steel":1,"minecraft:potato":37,"minecraft:mud_bricks":5,"minecraft:scaffolding":1,"alexscaves:nuclear_bomb":1,"minecraft:purple_carpet":1},"minecraft:killed_by":{"minecraft:player":1,"minecraft:wither_skeleton":7,"minecraft:skeleton":8,"minecraft:zombie":6,"minecraft:vex":1},"minecraft:broken":{"minecraft:iron_boots":1,"minecraft:iron_chestplate":1,"minecraft:iron_leggings":1,"minecraft:wooden_pickaxe":1,"minecraft:iron_sword":1,"minecraft:iron_helmet":1},"minecraft:killed":{"minecraft:vex":3,"minecraft:witch":1,"graveyard:corrupted_vindicator":1,"minecraft:spider":5,"graveyard:wraith":5,"minecraft:skeleton":32,"creeperoverhaul:cave_creeper":1,"minecraft:pig":1,"minecraft:ravager":2,"minecraft:creeper":2,"minecraft:zombie":19,"minecraft:glow_squid":1,"minecraft:wither_skeleton":12,"graveyard:corrupted_pillager":8},"minecraft:crafted":{"minecraft:diamond_hoe":1,"minecraft:furnace":1,"fabledweaponry:scythe_diamond":1,"minecraft:cooked_mutton":5,"minecraft:diamond_block":1,"minecraft:diamond":9,"minecraft:iron_boots":1,"minecraft:stone_pickaxe":2,"minecraft:chest":1,"minecraft:cooked_beef":3,"minecraft:cooked_porkchop":7,"minecraft:crafting_table":5,"minecraft:spruce_planks":112,"minecraft:wooden_pickaxe":1,"minecraft:iron_helmet":2,"minecraft:iron_sword":1,"minecraft:stone_axe":1,"minecraft:air":0,"minecraft:iron_chestplate":1,"minecraft:charcoal":19,"minecraft:stick":36,"minecraft:iron_ingot":29,"minecraft:iron_pickaxe":2,"minecraft:stone_sword":1,"minecraft:iron_leggings":2,"fabledweaponry:scimitar_diamond":1,"minecraft:torch":52},"minecraft:picked_up":{"minecraft:mud_brick_slab":3,"minecraft:waxed_oxidized_cut_copper":3,"minecraft:crafting_table":1,"minecraft:ladder":1,"iceandfire:witherbone":3,"minecraft:stone_slab":1,"minecraft:enchanted_book":1,"minecraft:amethyst_block":1,"minecraft:moss_carpet":1,"minecraft:dark_oak_trapdoor":1,"minecraft:waxed_cut_copper_slab":1,"minecraft:string":12,"minecraft:acacia_door":2,"minecraft:item_frame":1,"minecraft:glass_pane":1,"minecraft:comparator":2,"graveyard:corruption":9,"minecraft:rose_bush":3,"minecraft:deepslate_tiles":1,"minecraft:cobbled_deepslate":44,"minecraft:dark_prismarine_stairs":1,"minecraft:spruce_planks":3,"minecraft:waxed_exposed_cut_copper":6,"minecraft:ender_eye":1,"minecraft:spruce_slab":1,"minecraft:poppy":1,"minecraft:player_head":3,"minecraft:calcite":12,"minecraft:iron_pickaxe":1,"minecraft:deepslate_tile_wall":1,"useless_sword:ravager_leather":3,"minecraft:furnace":1,"minecraft:raw_iron":29,"minecraft:stick":2,"minecraft:raw_gold_block":6,"minecraft:copper_ingot":19,"minecraft:glow_item_frame":1,"minecraft:torch":18,"minecraft:spruce_stairs":1,"minecraft:note_block":6,"minecraft:spruce_fence":1,"minecraft:porkchop":1,"tombstone:grave_dust":17,"minecraft:pointed_dripstone":7,"minecraft:carrot":4,"minecraft:redstone":3,"minecraft:goat_horn":1,"minecraft:dark_oak_planks":5,"minecraft:waxed_cut_copper_stairs":1,"minecraft:tnt":2,"minecraft:arrow":33,"minecraft:rotten_flesh":34,"artifacts:villager_hat":2,"relics:horse_flute":1,"minecraft:cut_copper":9,"minecraft:warped_sign":4,"minecraft:stripped_dark_oak_wood":1,"minecraft:gold_ingot":42,"minecraft:saddle":4,"minecraft:totem_of_undying":1,"minecraft:waxed_cut_copper":3,"minecraft:glow_berries":1,"minecraft:skeleton_skull":2,"minecraft:rail":2,"minecraft:cobblestone":261,"minecraft:birch_log":4,"relics:ice_skates":1,"minecraft:mud_bricks":107,"minecraft:dark_oak_button":1,"minecraft:mud_brick_stairs":3,"minecraft:packed_mud":41,"minecraft:mushroom_stew":1,"minecraft:tuff":1,"minecraft:gunpowder":9,"minecraft:lantern":1,"minecraft:deepslate_tile_slab":2,"minecraft:lapis_lazuli":16,"minecraft:dirt":8,"tombstone:gift":1,"minecraft:purple_carpet":2,"minecraft:red_carpet":3,"minecraft:bone":38,"minecraft:gray_carpet":11,"minecraft:bow":1,"minecraft:acacia_trapdoor":5,"minecraft:cooked_chicken":1,"minecraft:dark_oak_sign":2,"minecraft:glass_bottle":5,"minecraft:moss_block":6,"minecraft:flowering_azalea":1,"minecraft:dark_oak_stairs":3,"minecraft:book":32,"minecraft:scaffolding":1,"minecraft:dark_oak_slab":2,"minecraft:smooth_basalt":1,"minecraft:black_terracotta":3,"minecraft:raw_iron_block":1,"minecraft:gravel":7,"minecraft:dripstone_block":1,"minecraft:stripped_spruce_log":7,"minecraft:mud_brick_wall":14,"minecraft:spruce_log":8,"minecraft:diamond_block":1,"minecraft:dark_prismarine":35,"minecraft:bundle":2,"minecraft:dark_prismarine_slab":1,"minecraft:polished_andesite":2,"minecraft:polished_blackstone_button":1,"minecraft:diamond":24,"minecraft:stone_axe":1,"minecraft:lever":1,"minecraft:soul_lantern":1,"minecraft:chainmail_leggings":1,"minecraft:golden_apple":17,"minecraft:emerald":1,"tombstone:magic_scroll":1,"minecraft:damaged_anvil":1,"minecraft:coal":11,"iceandfire:raw_silver":2},"minecraft:custom":{"minecraft:mob_kills":97,"minecraft:interact_with_crafting_table":21,"minecraft:open_barrel":32,"minecraft:leave_game":5,"minecraft:time_since_death":45291,"minecraft:climb_one_cm":10428,"minecraft:damage_resisted":82,"minecraft:sprint_one_cm":565730,"minecraft:walk_one_cm":883873,"minecraft:drop":60,"minecraft:play_noteblock":11,"minecraft:talked_to_villager":9,"minecraft:play_time":321919,"minecraft:deaths":25,"minecraft:sneak_time":25421,"minecraft:walk_under_water_one_cm":2681,"minecraft:jump":2283,"minecraft:interact_with_blast_furnace":2,"minecraft:walk_on_water_one_cm":20254,"minecraft:total_world_time":321919,"minecraft:interact_with_furnace":26,"tombstone:raider_killed":3,"minecraft:traded_with_villager":2,"minecraft:tune_noteblock":6,"minecraft:interact_with_loom":2,"minecraft:sleep_in_bed":3,"minecraft:time_since_rest":44962,"minecraft:open_enderchest":1,"minecraft:damage_taken":13155,"minecraft:damage_absorbed":867,"minecraft:damage_dealt":22711,"tombstone:cast_on_ally":2,"minecraft:swim_one_cm":11251,"minecraft:player_kills":1,"minecraft:fly_one_cm":2141719,"minecraft:open_chest":115,"minecraft:crouch_one_cm":50329,"tombstone:undead_killed":68,"minecraft:interact_with_smoker":3,"minecraft:fall_one_cm":45149},"minecraft:used":{"minecraft:waxed_exposed_cut_copper":5,"minecraft:stone_sword":116,"minecraft:flint_and_steel":33,"minecraft:spruce_slab":1,"minecraft:chest":1,"minecraft:spruce_planks":52,"minecraft:iron_sword":49,"minecraft:player_head":1,"fabledweaponry:scimitar_diamond":253,"minecraft:torch":67,"minecraft:dirt":5,"minecraft:cut_copper":42,"minecraft:spruce_stairs":1,"minecraft:tuff":1,"minecraft:mud_brick_stairs":3,"minecraft:waxed_cut_copper":3,"minecraft:packed_mud":36,"minecraft:mud_bricks":99,"minecraft:item_frame":1,"minecraft:bow":8,"minecraft:goat_horn":11,"minecraft:furnace":2,"tombstone:gift":8,"minecraft:cobbled_deepslate":43,"minecraft:enchanted_golden_apple":1,"minecraft:damaged_anvil":1,"minecraft:acacia_trapdoor":3,"minecraft:stone_pickaxe":140,"minecraft:wooden_pickaxe":55,"minecraft:golden_apple":19,"minecraft:tnt":2,"minecraft:crafting_table":6,"minecraft:red_bed":2,"minecraft:mushroom_stew":1,"minecraft:note_block":6,"minecraft:dripstone_block":1,"minecraft:black_terracotta":1,"minecraft:dark_prismarine":35,"minecraft:bread":4,"minecraft:iron_pickaxe":455,"minecraft:stone_slab":1,"tombstone:grave_key":18,"minecraft:stone_axe":20,"minecraft:potion":1,"minecraft:cobblestone":235,"minecraft:mud_brick_wall":13,"fabledweaponry:scythe_diamond":253,"minecraft:pumpkin_pie":1,"minecraft:waxed_cut_copper_stairs":1,"alexsmobs:animal_dictionary":1,"alexscaves:nuclear_bomb":37}},"DataVersion":3465}