{"stats":{"minecraft:killed":{"minecraft:cave_spider":1,"minecraft:witch":1,"minecraft:spider":6,"graveyard:wraith":5,"minecraft:skeleton":38,"creeperoverhaul:cave_creeper":1,"minecraft:pig":1,"minecraft:zombie_villager":1,"minecraft:creeper":2,"minecraft:pillager":2,"minecraft:zombie":27,"minecraft:glow_squid":1,"graveyard:corrupted_pillager":8,"minecraft:vex":3,"graveyard:corrupted_vindicator":1,"minecraft:husk":20,"minecraft:ravager":2,"minecraft:wither_skeleton":12},"minecraft:used":{"minecraft:waxed_exposed_cut_copper":5,"minecraft:spruce_slab":1,"minecraft:chest":1,"minecraft:iron_sword":49,"alexscaves:galena":1,"minecraft:player_head":1,"minecraft:cut_copper":42,"minecraft:tuff":1,"minecraft:packed_mud":36,"minecraft:item_frame":1,"minecraft:bow":8,"minecraft:furnace":2,"minecraft:gold_block":1,"minecraft:damaged_anvil":1,"minecraft:acacia_trapdoor":3,"minecraft:stone_pickaxe":140,"minecraft:wooden_pickaxe":55,"minecraft:golden_apple":34,"minecraft:stripped_mangrove_wood":2,"minecraft:mushroom_stew":1,"minecraft:dripstone_block":1,"minecraft:note_block":6,"minecraft:black_terracotta":1,"minecraft:bread":4,"tombstone:grave_key":20,"minecraft:waxed_cut_copper_stairs":1,"minecraft:experience_bottle":72,"minecraft:stone_sword":116,"minecraft:flint_and_steel":33,"minecraft:spruce_planks":52,"fabledweaponry:scimitar_diamond":496,"minecraft:torch":68,"minecraft:dirt":6,"minecraft:spruce_stairs":1,"minecraft:mud_brick_stairs":3,"minecraft:waxed_cut_copper":3,"minecraft:mud_bricks":99,"minecraft:goat_horn":11,"tombstone:gift":8,"minecraft:cobbled_deepslate":43,"minecraft:enchanted_golden_apple":1,"minecraft:calcite":27,"minecraft:tnt":2,"minecraft:crafting_table":6,"minecraft:red_bed":2,"minecraft:ender_eye":3,"minecraft:dark_prismarine":35,"minecraft:iron_pickaxe":584,"minecraft:stone_slab":1,"minecraft:stone_axe":20,"minecraft:cobblestone":236,"minecraft:potion":1,"minecraft:mud_brick_wall":13,"fabledweaponry:scythe_diamond":278,"minecraft:pumpkin_pie":1,"alexsmobs:animal_dictionary":1,"alexscaves:nuclear_bomb":37},"minecraft:crafted":{"minecraft:oak_planks":4,"minecraft:cooked_mutton":5,"minecraft:iron_boots":1,"minecraft:chest":2,"sophisticatedbackpacks:backpack":1,"minecraft:cooked_porkchop":7,"minecraft:crafting_table":5,"minecraft:spruce_planks":112,"minecraft:wooden_pickaxe":1,"minecraft:iron_helmet":2,"minecraft:gold_block":13,"minecraft:birch_planks":12,"minecraft:iron_chestplate":1,"minecraft:charcoal":19,"sophisticatedbackpacks:diamond_backpack":1,"minecraft:stick":44,"minecraft:iron_ingot":29,"minecraft:iron_pickaxe":2,"minecraft:iron_block":6,"minecraft:stone_sword":1,"fabledweaponry:scimitar_diamond":1,"minecraft:diamond_hoe":1,"minecraft:furnace":1,"fabledweaponry:scythe_diamond":1,"minecraft:diamond_block":1,"minecraft:diamond":27,"minecraft:stone_pickaxe":2,"minecraft:redstone_block":7,"sophisticatedbackpacks:iron_backpack":1,"minecraft:cooked_beef":3,"minecraft:iron_sword":1,"sophisticatedbackpacks:gold_backpack":1,"minecraft:stone_axe":1,"minecraft:air":0,"minecraft:iron_leggings":2,"minecraft:torch":84},"minecraft:custom":{"minecraft:interact_with_crafting_table":35,"minecraft:open_barrel":36,"minecraft:bell_ring":2,"minecraft:leave_game":7,"minecraft:time_since_death":8112,"minecraft:damage_resisted":82,"minecraft:sprint_one_cm":775535,"minecraft:drop":86,"minecraft:play_noteblock":11,"minecraft:talked_to_villager":9,"minecraft:play_time":400736,"minecraft:deaths":28,"minecraft:jump":4193,"minecraft:walk_on_water_one_cm":20474,"minecraft:interact_with_furnace":26,"minecraft:traded_with_villager":2,"minecraft:interact_with_loom":2,"minecraft:sleep_in_bed":3,"minecraft:open_enderchest":1,"minecraft:damage_dealt":36078,"minecraft:player_kills":1,"minecraft:crouch_one_cm":59646,"tombstone:undead_killed":103,"minecraft:interact_with_smoker":3,"minecraft:mob_kills":137,"minecraft:climb_one_cm":10675,"minecraft:walk_one_cm":1024717,"minecraft:raid_win":1,"minecraft:sneak_time":27583,"minecraft:walk_under_water_one_cm":3240,"minecraft:interact_with_blast_furnace":3,"minecraft:total_world_time":400736,"tombstone:raider_killed":5,"minecraft:tune_noteblock":6,"minecraft:time_since_rest":7782,"minecraft:damage_taken":16274,"minecraft:damage_absorbed":1421,"tombstone:cast_on_ally":2,"minecraft:swim_one_cm":11251,"minecraft:fly_one_cm":2663596,"minecraft:open_chest":164,"minecraft:fall_one_cm":73491},"minecraft:dropped":{"minecraft:dark_oak_stairs":1,"minecraft:oak_log":1,"minecraft:glass_bottle":2,"minecraft:dark_oak_slab":1,"relics:ice_skates":2,"minecraft:leather":1,"relics:horse_flute":1,"minecraft:saddle":3,"graveyard:corruption":14,"minecraft:birch_slab":2,"minecraft:raw_gold_block":3,"minecraft:red_carpet":3,"minecraft:packed_mud":4,"minecraft:acacia_door":1,"msmlegacy:relic_key_blade":1,"minecraft:bone":5,"minecraft:cooked_chicken":1,"minecraft:cobbled_deepslate":1,"minecraft:birch_sapling":2,"minecraft:pointed_dripstone":7,"graveyard:dark_iron_ingot":7,"minecraft:rotten_flesh":23,"minecraft:black_terracotta":1,"artifacts:villager_hat":1,"minecraft:carrot":4,"minecraft:gunpowder":1,"minecraft:scaffolding":1,"alexscaves:nuclear_bomb":2,"minecraft:purple_carpet":1,"minecraft:iron_ingot":1,"minecraft:enchanted_book":1,"minecraft:bread":63,"minecraft:iron_helmet":1,"minecraft:cobblestone":5,"minecraft:amethyst_block":1,"minecraft:deepslate_tile_slab":2,"minecraft:acacia_trapdoor":1,"minecraft:coal":1,"minecraft:stick":2,"minecraft:polished_andesite":2,"relics:roller_skates":2,"minecraft:diorite":2,"minecraft:golden_carrot":7,"minecraft:rose_bush":3,"minecraft:iron_leggings":1,"minecraft:string":3,"minecraft:gray_carpet":8,"minecraft:smooth_basalt":1,"minecraft:player_head":1,"minecraft:bowl":1,"minecraft:spruce_fence":1,"minecraft:flint_and_steel":2,"minecraft:potato":37,"minecraft:mud_bricks":5,"minecraft:bundle":1,"minecraft:bow":1},"minecraft:picked_up":{"minecraft:stone_slab":1,"minecraft:potion":1,"minecraft:enchanted_book":1,"minecraft:amethyst_block":1,"minecraft:waxed_cut_copper_slab":1,"minecraft:string":14,"minecraft:dark_oak_trapdoor":1,"minecraft:deepslate_tiles":1,"minecraft:cobbled_deepslate":44,"minecraft:comparator":2,"minecraft:spruce_planks":3,"minecraft:waxed_exposed_cut_copper":6,"minecraft:cobblestone_slab":2,"minecraft:rose_bush":6,"minecraft:ender_eye":4,"minecraft:calcite":59,"minecraft:iron_pickaxe":2,"minecraft:deepslate_tile_wall":1,"minecraft:furnace":1,"minecraft:stick":2,"minecraft:jukebox":1,"minecraft:torch":18,"minecraft:spruce_stairs":1,"minecraft:porkchop":1,"minecraft:diorite":2,"minecraft:pointed_dripstone":7,"tombstone:grave_dust":20,"msmlegacy:relic_key_blade":1,"minecraft:goat_horn":1,"minecraft:waxed_cut_copper_stairs":1,"minecraft:rotten_flesh":46,"artifacts:villager_hat":2,"relics:horse_flute":1,"minecraft:waxed_cut_copper":3,"minecraft:cobblestone":268,"minecraft:birch_log":7,"minecraft:birch_slab":2,"minecraft:mud_brick_stairs":3,"minecraft:tuff":1,"minecraft:lantern":1,"minecraft:lapis_lazuli":16,"minecraft:dirt":9,"alexscaves:galena":1,"minecraft:purple_carpet":2,"minecraft:bone":47,"minecraft:bow":2,"minecraft:dark_oak_sign":2,"graveyard:creeper_skeleton":1,"minecraft:moss_block":6,"minecraft:black_terracotta":3,"minecraft:stripped_spruce_log":7,"minecraft:ink_sac":3,"minecraft:diamond_block":1,"minecraft:dark_prismarine":35,"minecraft:bundle":3,"minecraft:polished_andesite":2,"minecraft:dark_prismarine_slab":1,"minecraft:diamond":24,"minecraft:soul_lantern":1,"minecraft:lever":1,"minecraft:polished_blackstone_button":1,"minecraft:golden_apple":17,"minecraft:chainmail_helmet":1,"minecraft:emerald":2,"minecraft:oak_sapling":1,"iceandfire:raw_silver":2,"alexscaves:raw_scarlet_neodymium":14,"minecraft:crafting_table":1,"minecraft:waxed_oxidized_cut_copper":3,"minecraft:mud_brick_slab":3,"iceandfire:witherbone":3,"minecraft:ladder":1,"minecraft:gold_block":1,"minecraft:moss_carpet":1,"minecraft:acacia_door":2,"minecraft:flint_and_steel":1,"minecraft:item_frame":1,"minecraft:iron_shovel":1,"minecraft:glass_pane":1,"graveyard:corruption":9,"minecraft:dark_prismarine_stairs":1,"minecraft:player_head":3,"minecraft:spruce_slab":1,"minecraft:poppy":1,"minecraft:birch_sapling":2,"useless_sword:ravager_leather":3,"minecraft:raw_iron":29,"minecraft:stripped_mangrove_wood":2,"minecraft:raw_gold_block":6,"minecraft:glow_item_frame":1,"minecraft:copper_ingot":19,"minecraft:spruce_fence":1,"minecraft:note_block":6,"minecraft:carrot":4,"minecraft:redstone":3,"minecraft:dark_oak_planks":5,"minecraft:tnt":2,"minecraft:arrow":36,"minecraft:cut_copper":9,"minecraft:warped_sign":4,"minecraft:stripped_dark_oak_wood":1,"minecraft:totem_of_undying":1,"minecraft:saddle":4,"minecraft:gold_ingot":42,"minecraft:glow_berries":1,"minecraft:skeleton_skull":2,"minecraft:rail":2,"relics:ice_skates":1,"minecraft:mud_bricks":107,"minecraft:dark_oak_button":1,"minecraft:leather":8,"minecraft:packed_mud":41,"minecraft:mushroom_stew":1,"minecraft:oak_log":1,"minecraft:gunpowder":13,"minecraft:deepslate_tile_slab":2,"minecraft:white_banner":1,"tombstone:gift":1,"minecraft:red_carpet":3,"minecraft:gray_carpet":11,"minecraft:acacia_trapdoor":5,"minecraft:iron_ingot":1,"minecraft:cooked_chicken":1,"minecraft:glass_bottle":5,"minecraft:flowering_azalea":1,"minecraft:dark_oak_stairs":3,"minecraft:book":32,"minecraft:scaffolding":1,"minecraft:dark_oak_slab":2,"minecraft:smooth_basalt":1,"minecraft:stone_brick_slab":4,"minecraft:raw_iron_block":1,"minecraft:dripstone_block":1,"minecraft:gravel":7,"minecraft:mud_brick_wall":14,"minecraft:spruce_log":8,"minecraft:mossy_stone_brick_slab":2,"minecraft:stone_axe":1,"minecraft:chainmail_leggings":1,"alexscaves:scarlet_neodymium_pillar":8,"tombstone:magic_scroll":1,"minecraft:damaged_anvil":1,"minecraft:coal":48},"minecraft:killed_by":{"minecraft:wither_skeleton":7,"iceandfire:ice_dragon":2,"minecraft:zombie":6,"minecraft:vex":1,"minecraft:player":1,"minecraft:skeleton":8},"minecraft:broken":{"minecraft:iron_boots":1,"minecraft:iron_chestplate":1,"minecraft:iron_leggings":1,"minecraft:iron_sword":1,"minecraft:wooden_pickaxe":1,"minecraft:iron_helmet":1},"minecraft:mined":{"minecraft:dark_prismarine_stairs":1,"minecraft:spruce_planks":2,"minecraft:mossy_stone_brick_slab":2,"minecraft:black_terracotta":3,"minecraft:potted_crimson_fungus":1,"minecraft:grass_block":3,"minecraft:mud_bricks":116,"minecraft:mud_brick_wall":15,"minecraft:spawner":17,"minecraft:raw_iron_block":1,"minecraft:mossy_cobblestone_slab":1,"minecraft:iron_ore":20,"minecraft:cobbled_deepslate":1,"minecraft:fire":1,"minecraft:deepslate_lapis_ore":2,"alexscaves:scarlet_neodymium_node":1,"minecraft:pointed_dripstone":1,"minecraft:cave_vines":4,"minecraft:flowering_azalea_leaves":4,"minecraft:azalea_leaves":2,"minecraft:stripped_mangrove_wood":2,"minecraft:player_head":2,"minecraft:spruce_slab":1,"minecraft:waxed_cut_copper":2,"minecraft:deepslate_redstone_ore":2,"minecraft:deepslate_tile_slab":1,"minecraft:torch":10,"minecraft:note_block":6,"minecraft:calcite":59,"minecraft:mud_brick_stairs":2,"alexscaves:energized_galena_scarlet":1,"minecraft:cobblestone":24,"minecraft:damaged_anvil":1,"minecraft:wall_torch":11,"minecraft:amethyst_block":1,"minecraft:skeleton_skull":2,"minecraft:light_gray_stained_glass":2,"minecraft:birch_log":7,"minecraft:jukebox":1,"minecraft:tnt":2,"graveyard:skull_pile":1,"minecraft:grass":7,"minecraft:oak_log":1,"minecraft:dirt":3,"minecraft:smooth_basalt":1,"minecraft:tripwire_hook":1,"minecraft:oak_leaves":3,"minecraft:deepslate":42,"minecraft:redstone_lamp":1,"minecraft:dark_prismarine":35,"minecraft:red_carpet":1,"minecraft:tuff":1,"iceandfire:silver_ore":2,"minecraft:deepslate_diamond_ore":8,"minecraft:spruce_fence":1,"minecraft:white_stained_glass":2,"minecraft:redstone_wire":1,"minecraft:moss_block":2,"minecraft:large_fern":6,"minecraft:furnace":1,"minecraft:packed_mud":44,"minecraft:carrots":1,"minecraft:acacia_trapdoor":3,"minecraft:raw_gold_block":3,"minecraft:stripped_spruce_log":7,"minecraft:peony":1,"minecraft:gold_block":1,"minecraft:polished_deepslate":1,"minecraft:cobblestone_slab":2,"minecraft:deepslate_iron_ore":9,"biomesoplenty:spider_egg":1,"minecraft:cut_copper":9,"minecraft:stone":239,"minecraft:acacia_leaves":1,"minecraft:scaffolding":1,"minecraft:stone_brick_slab":4,"minecraft:cyan_stained_glass_pane":5,"minecraft:rose_bush":3,"minecraft:campfire":1,"minecraft:stone_slab":1,"minecraft:tall_grass":8,"minecraft:diorite":2,"minecraft:spruce_stairs":1,"minecraft:sweet_berry_bush":1,"minecraft:spruce_log":8,"minecraft:birch_leaves":13,"minecraft:coal_ore":51,"minecraft:acacia_door":1,"minecraft:gray_carpet":3,"minecraft:cobweb":10,"minecraft:cracked_stone_bricks":4,"minecraft:stone_bricks":2,"minecraft:polished_andesite":2,"minecraft:mossy_stone_bricks":3,"minecraft:waxed_exposed_cut_copper":6,"alexscaves:scarlet_neodymium_pillar":5}},"DataVersion":3465}