{"stats":{"minecraft:mined":{"minecraft:red_sand":4},"minecraft:custom":{"minecraft:jump":72,"minecraft:time_since_rest":4080,"minecraft:leave_game":1,"minecraft:damage_dealt":10,"minecraft:walk_on_water_one_cm":478,"minecraft:sprint_one_cm":17907,"minecraft:play_time":4080,"minecraft:damage_taken":50,"minecraft:time_since_death":4080,"minecraft:walk_one_cm":10226,"minecraft:sneak_time":39,"minecraft:total_world_time":4080,"minecraft:walk_under_water_one_cm":2490,"minecraft:swim_one_cm":3254,"minecraft:fall_one_cm":2540,"minecraft:fly_one_cm":15137},"minecraft:picked_up":{"iceandfire:dragon_skull_fire":1,"iceandfire:dragonbone":18,"minecraft:red_sand":4},"minecraft:used":{"minecraft:red_sand":4}},"DataVersion":3465}