{"stats":{"minecraft:killed":{"minecraft:zombie":1,"minecraft:pig":1},"minecraft:used":{"minecraft:stone_sword":2,"minecraft:bread":3,"minecraft:stone_pickaxe":70,"minecraft:wooden_pickaxe":55,"minecraft:torch":1,"minecraft:dirt":4,"minecraft:cobblestone":7,"minecraft:crafting_table":2,"minecraft:mushroom_stew":1,"alexsmobs:animal_dictionary":1},"minecraft:crafted":{"minecraft:crafting_table":2,"minecraft:spruce_planks":32,"minecraft:stick":16,"minecraft:wooden_pickaxe":1,"minecraft:iron_helmet":1,"minecraft:stone_pickaxe":2,"minecraft:stone_sword":1,"minecraft:iron_leggings":1,"minecraft:torch":16,"minecraft:stone_axe":1},"minecraft:dropped":{"minecraft:potato":37,"relics:roller_skates":2,"minecraft:bowl":1,"relics:ice_skates":2,"artifacts:villager_hat":1,"relics:horse_flute":1},"minecraft:custom":{"minecraft:time_since_rest":42928,"minecraft:interact_with_furnace":5,"minecraft:sprint_one_cm":96183,"minecraft:damage_taken":117,"minecraft:walk_one_cm":105729,"minecraft:mob_kills":2,"minecraft:drop":8,"minecraft:damage_dealt":129,"minecraft:traded_with_villager":2,"minecraft:talked_to_villager":2,"minecraft:swim_one_cm":6677,"minecraft:interact_with_crafting_table":6,"minecraft:fly_one_cm":594402,"minecraft:open_chest":36,"minecraft:crouch_one_cm":669,"minecraft:play_time":42928,"tombstone:undead_killed":1,"minecraft:sneak_time":156,"minecraft:walk_under_water_one_cm":697,"minecraft:jump":376,"minecraft:interact_with_blast_furnace":2,"minecraft:leave_game":3,"minecraft:time_since_death":42928,"minecraft:walk_on_water_one_cm":3216,"minecraft:total_world_time":42928,"minecraft:fall_one_cm":6792},"minecraft:picked_up":{"relics:ice_skates":1,"minecraft:torch":1,"minecraft:porkchop":1,"minecraft:mushroom_stew":1,"minecraft:spruce_log":8,"minecraft:dirt":4,"artifacts:villager_hat":2,"relics:horse_flute":1,"minecraft:calcite":12,"minecraft:cobblestone":106},"minecraft:broken":{"minecraft:wooden_pickaxe":1},"minecraft:mined":{"minecraft:spruce_log":8,"minecraft:birch_leaves":1,"minecraft:grass_block":2,"minecraft:calcite":12,"minecraft:dirt":2,"minecraft:stone":106,"minecraft:wall_torch":1}},"DataVersion":3465}