{"stats":{"minecraft:used":{"alexsmobs:animal_dictionary":1},"minecraft:custom":{"minecraft:jump":38,"minecraft:time_since_rest":1862,"minecraft:walk_on_water_one_cm":1197,"minecraft:damage_taken":30,"minecraft:sprint_one_cm":8465,"minecraft:play_time":1862,"minecraft:time_since_death":1862,"minecraft:walk_one_cm":3496,"minecraft:total_world_time":1862,"minecraft:fall_one_cm":1731,"minecraft:fly_one_cm":8359,"minecraft:leave_game":1},"minecraft:picked_up":{"biomesoplenty:yellow_autumn_sapling":1,"minecraft:wheat_seeds":1,"minecraft:dirt":1},"minecraft:mined":{"biomesoplenty:yellow_autumn_leaves":1,"minecraft:grass":5,"biomesoplenty:orange_autumn_leaves":1,"minecraft:grass_block":1,"minecraft:oak_leaves":1}},"DataVersion":3465}