{"stats":{"minecraft:picked_up":{"minecraft:stick":2,"minecraft:raw_iron":1,"iceandfire:dragonegg_amythest":1,"minecraft:cobblestone":14},"minecraft:custom":{"minecraft:jump":40,"minecraft:time_since_rest":7303,"minecraft:damage_dealt":0,"minecraft:leave_game":1,"minecraft:sprint_one_cm":3677,"minecraft:play_time":7303,"minecraft:time_since_death":7303,"minecraft:walk_one_cm":7591,"minecraft:total_world_time":7303,"minecraft:drop":1,"minecraft:fall_one_cm":209,"minecraft:fly_one_cm":240177},"minecraft:mined":{"biomesoplenty:maple_leaves":1},"minecraft:dropped":{"iceandfire:dragonegg_amythest":1},"minecraft:used":{"alexsmobs:animal_dictionary":1,"iceandfire:dragonegg_amythest":1}},"DataVersion":3465}