{"stats":{"minecraft:crafted":{"minecraft:cooked_beef":3,"minecraft:cooked_porkchop":7,"minecraft:crafting_table":3,"minecraft:spruce_planks":72,"minecraft:wooden_pickaxe":1,"minecraft:iron_helmet":1,"minecraft:furnace":1,"minecraft:stone_axe":1,"minecraft:cooked_mutton":5,"minecraft:air":0,"minecraft:iron_boots":1,"minecraft:iron_chestplate":1,"minecraft:charcoal":19,"minecraft:stick":24,"minecraft:iron_ingot":29,"minecraft:iron_pickaxe":1,"minecraft:stone_pickaxe":2,"minecraft:stone_sword":1,"minecraft:iron_leggings":2,"minecraft:torch":52},"minecraft:dropped":{"minecraft:bread":63,"minecraft:cobbled_deepslate":1,"minecraft:bowl":1,"minecraft:pointed_dripstone":7,"relics:ice_skates":2,"minecraft:cobblestone":1,"minecraft:rotten_flesh":3,"artifacts:villager_hat":1,"minecraft:amethyst_block":1,"relics:horse_flute":1,"minecraft:deepslate_tile_slab":2,"minecraft:polished_andesite":2,"minecraft:potato":37,"relics:roller_skates":2,"minecraft:scaffolding":1,"minecraft:bone":1,"minecraft:purple_carpet":1,"minecraft:smooth_basalt":1},"minecraft:picked_up":{"minecraft:birch_log":4,"relics:ice_skates":1,"minecraft:stone_slab":1,"minecraft:mushroom_stew":1,"minecraft:tuff":1,"minecraft:gunpowder":2,"minecraft:lapis_lazuli":16,"minecraft:amethyst_block":1,"minecraft:deepslate_tile_slab":2,"minecraft:string":9,"minecraft:dirt":5,"minecraft:purple_carpet":1,"minecraft:bone":3,"graveyard:corruption":9,"minecraft:deepslate_tiles":1,"minecraft:cobbled_deepslate":44,"minecraft:calcite":12,"minecraft:deepslate_tile_wall":1,"minecraft:furnace":1,"minecraft:scaffolding":1,"minecraft:stick":2,"minecraft:raw_iron":29,"minecraft:smooth_basalt":1,"minecraft:dripstone_block":1,"minecraft:torch":8,"minecraft:gravel":7,"minecraft:spruce_stairs":1,"minecraft:porkchop":1,"minecraft:pointed_dripstone":7,"minecraft:stripped_spruce_log":7,"tombstone:grave_dust":4,"minecraft:spruce_log":8,"minecraft:bundle":1,"minecraft:polished_andesite":2,"minecraft:arrow":8,"minecraft:rotten_flesh":3,"minecraft:diamond":4,"minecraft:stone_axe":1,"artifacts:villager_hat":2,"relics:horse_flute":1,"minecraft:totem_of_undying":1,"minecraft:emerald":1,"minecraft:skeleton_skull":1,"minecraft:coal":9,"iceandfire:raw_silver":2,"minecraft:cobblestone":129},"minecraft:custom":{"minecraft:interact_with_furnace":26,"minecraft:mob_kills":40,"tombstone:raider_killed":1,"minecraft:traded_with_villager":2,"minecraft:interact_with_crafting_table":14,"minecraft:open_barrel":4,"minecraft:interact_with_loom":2,"minecraft:leave_game":4,"minecraft:time_since_death":60922,"minecraft:sleep_in_bed":1,"minecraft:damage_resisted":82,"minecraft:climb_one_cm":4355,"minecraft:time_since_rest":48872,"minecraft:damage_absorbed":157,"minecraft:sprint_one_cm":259198,"minecraft:damage_taken":3011,"minecraft:walk_one_cm":332268,"minecraft:drop":28,"minecraft:damage_dealt":7724,"minecraft:swim_one_cm":10847,"minecraft:talked_to_villager":8,"minecraft:fly_one_cm":706295,"minecraft:open_chest":57,"minecraft:crouch_one_cm":6773,"minecraft:play_time":125713,"tombstone:undead_killed":18,"minecraft:deaths":1,"minecraft:sneak_time":3448,"minecraft:walk_under_water_one_cm":1522,"minecraft:jump":1275,"minecraft:interact_with_blast_furnace":2,"minecraft:walk_on_water_one_cm":4670,"minecraft:total_world_time":125713,"minecraft:fall_one_cm":28072},"minecraft:killed_by":{"minecraft:vex":1},"minecraft:broken":{"minecraft:iron_sword":1,"minecraft:wooden_pickaxe":1},"minecraft:killed":{"minecraft:vex":3,"minecraft:pig":1,"minecraft:witch":1,"graveyard:corrupted_vindicator":1,"minecraft:spider":3,"graveyard:wraith":5,"minecraft:skeleton":6,"minecraft:zombie":7,"creeperoverhaul:cave_creeper":1,"minecraft:glow_squid":1,"graveyard:corrupted_pillager":8},"minecraft:used":{"minecraft:stone_sword":116,"minecraft:stone_pickaxe":140,"minecraft:spruce_planks":25,"minecraft:wooden_pickaxe":55,"minecraft:iron_sword":49,"minecraft:torch":29,"minecraft:dirt":5,"minecraft:crafting_table":3,"minecraft:mushroom_stew":1,"minecraft:spruce_stairs":1,"minecraft:dripstone_block":1,"minecraft:tuff":1,"minecraft:bread":4,"minecraft:iron_pickaxe":53,"minecraft:stone_slab":1,"minecraft:stone_axe":20,"minecraft:cobblestone":79,"minecraft:furnace":2,"minecraft:pumpkin_pie":1,"alexsmobs:animal_dictionary":1,"tombstone:gift":2,"minecraft:cobbled_deepslate":43,"minecraft:enchanted_golden_apple":1},"minecraft:mined":{"minecraft:deepslate_redstone_ore":2,"minecraft:tuff":1,"minecraft:acacia_leaves":1,"iceandfire:silver_ore":2,"minecraft:deepslate_diamond_ore":4,"minecraft:deepslate_tile_slab":1,"minecraft:torch":4,"minecraft:grass_block":2,"minecraft:calcite":12,"minecraft:stone_slab":1,"minecraft:tall_grass":1,"minecraft:cobblestone":15,"minecraft:wall_torch":4,"minecraft:amethyst_block":1,"minecraft:skeleton_skull":1,"minecraft:spruce_stairs":1,"minecraft:furnace":1,"minecraft:birch_log":4,"minecraft:iron_ore":20,"minecraft:cobbled_deepslate":1,"minecraft:spruce_log":8,"minecraft:birch_leaves":8,"minecraft:stripped_spruce_log":7,"minecraft:deepslate_lapis_ore":2,"graveyard:skull_pile":1,"minecraft:pointed_dripstone":1,"minecraft:coal_ore":9,"minecraft:deepslate_iron_ore":9,"minecraft:dirt":3,"minecraft:cobweb":6,"minecraft:smooth_basalt":1,"minecraft:azalea_leaves":2,"minecraft:stone":113,"minecraft:polished_andesite":2,"minecraft:deepslate":42}},"DataVersion":3465}