{"stats":{"minecraft:killed":{"minecraft:vex":3,"minecraft:pig":1,"minecraft:witch":1,"minecraft:zombie":1},"minecraft:used":{"minecraft:stone_sword":18,"minecraft:stone_pickaxe":108,"minecraft:spruce_planks":25,"minecraft:wooden_pickaxe":55,"minecraft:torch":6,"minecraft:dirt":5,"minecraft:crafting_table":2,"minecraft:mushroom_stew":1,"minecraft:spruce_stairs":1,"minecraft:bread":4,"minecraft:stone_slab":1,"minecraft:stone_axe":1,"minecraft:cobblestone":38,"tombstone:gift":1,"alexsmobs:animal_dictionary":1,"minecraft:cobbled_deepslate":1},"minecraft:crafted":{"minecraft:cooked_beef":3,"minecraft:cooked_porkchop":7,"minecraft:crafting_table":2,"minecraft:spruce_planks":60,"minecraft:wooden_pickaxe":1,"minecraft:iron_helmet":1,"minecraft:stone_axe":1,"minecraft:cooked_mutton":5,"minecraft:air":0,"minecraft:charcoal":19,"minecraft:stick":16,"minecraft:stone_pickaxe":2,"minecraft:stone_sword":1,"minecraft:iron_leggings":1,"minecraft:torch":16},"minecraft:dropped":{"minecraft:cobbled_deepslate":1,"minecraft:bowl":1,"relics:ice_skates":2,"artifacts:villager_hat":1,"minecraft:amethyst_block":1,"relics:horse_flute":1,"minecraft:polished_andesite":2,"minecraft:potato":37,"relics:roller_skates":2,"minecraft:scaffolding":1,"minecraft:smooth_basalt":1,"minecraft:purple_carpet":1},"minecraft:custom":{"minecraft:interact_with_furnace":16,"minecraft:mob_kills":7,"tombstone:raider_killed":1,"minecraft:traded_with_villager":2,"minecraft:interact_with_crafting_table":6,"minecraft:leave_game":3,"minecraft:time_since_death":7901,"minecraft:climb_one_cm":4161,"minecraft:time_since_rest":6871,"minecraft:sprint_one_cm":133010,"minecraft:walk_one_cm":171102,"minecraft:damage_taken":1264,"minecraft:drop":14,"minecraft:damage_dealt":823,"minecraft:swim_one_cm":6677,"minecraft:talked_to_villager":2,"minecraft:fly_one_cm":632911,"minecraft:open_chest":49,"minecraft:crouch_one_cm":2260,"minecraft:play_time":72692,"tombstone:undead_killed":1,"minecraft:deaths":1,"minecraft:sneak_time":1301,"minecraft:walk_under_water_one_cm":1256,"minecraft:jump":695,"minecraft:interact_with_blast_furnace":2,"minecraft:walk_on_water_one_cm":4199,"minecraft:total_world_time":72692,"minecraft:fall_one_cm":12423},"minecraft:picked_up":{"relics:ice_skates":1,"minecraft:stone_slab":1,"minecraft:mushroom_stew":1,"minecraft:amethyst_block":1,"minecraft:dirt":5,"minecraft:purple_carpet":1,"minecraft:cobbled_deepslate":2,"minecraft:calcite":12,"minecraft:scaffolding":1,"minecraft:raw_iron":2,"minecraft:smooth_basalt":1,"minecraft:torch":3,"minecraft:spruce_stairs":1,"minecraft:porkchop":1,"minecraft:stripped_spruce_log":7,"minecraft:spruce_log":8,"minecraft:polished_andesite":2,"artifacts:villager_hat":2,"relics:horse_flute":1,"minecraft:totem_of_undying":1,"minecraft:emerald":1,"minecraft:coal":9,"minecraft:cobblestone":125},"minecraft:killed_by":{"minecraft:vex":1},"minecraft:broken":{"minecraft:wooden_pickaxe":1},"minecraft:mined":{"minecraft:acacia_leaves":1,"minecraft:grass_block":2,"minecraft:calcite":12,"minecraft:stone_slab":1,"minecraft:cobblestone":14,"minecraft:wall_torch":3,"minecraft:amethyst_block":1,"minecraft:spruce_stairs":1,"minecraft:iron_ore":2,"minecraft:cobbled_deepslate":1,"minecraft:spruce_log":8,"minecraft:birch_leaves":1,"minecraft:stripped_spruce_log":7,"minecraft:coal_ore":9,"minecraft:dirt":3,"minecraft:smooth_basalt":1,"minecraft:azalea_leaves":2,"minecraft:polished_andesite":2,"minecraft:stone":111,"minecraft:deepslate":1}},"DataVersion":3465}