{"stats":{"minecraft:used":{"minecraft:red_sand":4},"minecraft:picked_up":{"iceandfire:dragon_skull_fire":1,"iceandfire:dragonbone":18,"minecraft:red_sand":4},"minecraft:mined":{"minecraft:red_sand":4},"minecraft:custom":{"minecraft:jump":138,"minecraft:time_since_rest":5814,"minecraft:damage_dealt":10,"minecraft:damage_taken":50,"minecraft:leave_game":3,"minecraft:play_time":5814,"minecraft:sprint_one_cm":26381,"minecraft:time_since_death":5814,"minecraft:walk_on_water_one_cm":478,"minecraft:walk_one_cm":11875,"minecraft:sneak_time":39,"minecraft:total_world_time":5814,"minecraft:walk_under_water_one_cm":2490,"minecraft:swim_one_cm":3254,"minecraft:fall_one_cm":4746,"minecraft:fly_one_cm":36455}},"DataVersion":3465}