{"stats":{"minecraft:mined":{"minecraft:grass":2},"minecraft:dropped":{"minecraft:wheat_seeds":1,"alexscaves:waste_drum":1,"minecraft:andesite":5,"alexscaves:spawn_egg_raycat":1,"minecraft:golden_apple":1,"minecraft:flint_and_steel":1},"minecraft:killed_by":{"minecraft:zombie":1},"minecraft:custom":{"minecraft:time_since_rest":376,"minecraft:sprint_one_cm":54436,"minecraft:damage_taken":440,"minecraft:walk_one_cm":26752,"minecraft:drop":6,"minecraft:damage_dealt":164,"minecraft:fly_one_cm":224842,"minecraft:open_chest":2,"minecraft:play_time":14779,"minecraft:deaths":2,"minecraft:sneak_time":53,"minecraft:jump":119,"minecraft:leave_game":1,"minecraft:walk_on_water_one_cm":1331,"minecraft:time_since_death":343,"minecraft:climb_one_cm":175,"minecraft:total_world_time":14779,"minecraft:fall_one_cm":3594},"minecraft:picked_up":{"alexscaves:waste_drum":1,"minecraft:lilac":5,"minecraft:andesite":10,"alexscaves:fissile_core":1,"minecraft:gravel":4,"minecraft:oak_log":2,"minecraft:diorite":9,"minecraft:gunpowder":4,"minecraft:dirt":46,"minecraft:raw_copper":6,"minecraft:flint_and_steel":1,"minecraft:wheat_seeds":2,"minecraft:granite":2,"minecraft:golden_apple":1,"minecraft:oak_sapling":4,"minecraft:birch_sapling":1,"minecraft:coal":2,"minecraft:cobblestone":162},"minecraft:used":{"minecraft:flint_and_steel":5,"alexscaves:spawn_egg_tremorzilla":1,"alexscaves:spawn_egg_raycat":1,"minecraft:golden_sword":7,"alexscaves:spawn_egg_nucleeper":7,"alexscaves:nuclear_bomb":2,"alexscaves:waste_drum":2}},"DataVersion":3465}