{"stats":{"minecraft:killed":{"minecraft:witch":1,"minecraft:spider":3,"graveyard:wraith":14,"minecraft:skeleton":43,"minecraft:silverfish":5,"alexscaves:teletor":2,"minecraft:pig":1,"alexsmobs:grizzly_bear":1,"minecraft:creeper":8,"minecraft:sheep":3,"minecraft:pillager":4,"minecraft:goat":3,"minecraft:zombie":21,"alexsmobs:fly":4,"graveyard:corrupted_pillager":5,"graveyard:corrupted_vindicator":4,"minecraft:vindicator":1,"endermanoverhaul:swamp_enderman":1,"alexscaves:ferrouslime":1,"graveyard:ghoul":1,"minecraft:ravager":16,"sons_of_sins:betrayed_guzzler":1,"iceandfire:ghost":4,"iceandfire:ice_dragon":1,"minecraft:wither_skeleton":12},"minecraft:used":{"minecraft:moss_block":2,"minecraft:iron_shovel":44,"minecraft:spruce_slab":6,"iceandfire:dragon_skull_ice":1,"minecraft:chest":19,"minecraft:iron_sword":796,"alexscaves:galena":8,"minecraft:rotten_flesh":17,"minecraft:mutton":4,"minecraft:carrot":2,"iceandfire:frozen_grass":1,"minecraft:stripped_dark_oak_wood":2,"minecraft:lantern":1,"minecraft:packed_mud":5,"minecraft:copper_ore":2,"minecraft:stone_bricks":1,"minecraft:redstone_lamp":1,"minecraft:sweet_berries":8,"minecraft:furnace":1,"msmlegacy:relic_key_blade":322,"minecraft:egg":3,"minecraft:potato":24,"minecraft:dark_prismarine_stairs":2,"minecraft:dark_oak_sapling":2,"minecraft:dark_oak_stairs":2,"minecraft:waxed_oxidized_cut_copper_slab":8,"relics:researching_table":1,"minecraft:stone_pickaxe":179,"minecraft:gray_carpet":1,"minecraft:wooden_pickaxe":10,"minecraft:redstone_block":3,"minecraft:diamond_axe":91,"graveyard:dark_iron_bars":2,"minecraft:white_wool":1,"minecraft:golden_apple":7,"minecraft:deepslate_brick_stairs":2,"minecraft:black_terracotta":3,"relics:horse_flute":14,"minecraft:zombie_head":1,"minecraft:bread":16,"tombstone:grave_key":63,"graveyard:fire_brazier":1,"graveyard:dark_iron_door":1,"minecraft:diamond_sword":385,"minecraft:wooden_sword":36,"sons_of_sins:flesh_of_demise":1,"sons_of_sins:sickle_of_struggle":46,"minecraft:birch_log":1,"minecraft:coarse_dirt":24,"minecraft:flint_and_steel":32,"minecraft:spruce_planks":32,"minecraft:ender_chest":2,"minecraft:netherrack":1,"minecraft:torch":43,"minecraft:dirt":47,"minecraft:anvil":1,"minecraft:chainmail_chestplate":1,"minecraft:spruce_fence":1,"minecraft:mud_brick_stairs":3,"minecraft:iron_hoe":13,"minecraft:music_disc_mellohi":1,"minecraft:dark_oak_planks":2,"minecraft:waxed_cut_copper":1,"minecraft:iron_axe":6,"sons_of_sins:muscle":1,"minecraft:mud_bricks":35,"minecraft:smooth_basalt":1,"minecraft:glowstone":55,"minecraft:golden_carrot":12,"minecraft:waxed_cut_copper_slab":1,"tombstone:gift":11,"minecraft:cooked_beef":1,"minecraft:observer":1,"minecraft:cobbled_deepslate":10,"minecraft:pointed_dripstone":5,"minecraft:calcite":1,"minecraft:wheat_seeds":8,"minecraft:water_bucket":6,"minecraft:lodestone":2,"minecraft:baked_potato":1,"minecraft:waxed_oxidized_cut_copper":3,"minecraft:salmon":2,"minecraft:glow_item_frame":2,"minecraft:mossy_cobblestone":1,"minecraft:comparator":1,"minecraft:tnt":19,"minecraft:crafting_table":15,"minecraft:red_bed":2,"sons_of_sins:heart":1,"minecraft:spruce_log":4,"tombstone:bag_of_seeds":2,"minecraft:dark_prismarine":1,"minecraft:diamond_pickaxe":22,"minecraft:iron_pickaxe":60,"iceandfire:graveyard_soil":1,"tombstone:magic_scroll":9,"minecraft:stone_slab":1,"minecraft:spruce_sapling":2,"drinkbeer:beer_barrel":2,"minecraft:cobblestone":78,"minecraft:potion":1,"minecraft:purple_bed":1,"minecraft:porkchop":1,"minecraft:bucket":8,"alexsmobs:animal_dictionary":1,"minecraft:pumpkin_pie":1,"minecraft:polished_blackstone_button":1,"alexscaves:nuclear_bomb":4,"minecraft:splash_potion":2,"minecraft:chainmail_leggings":1},"minecraft:crafted":{"minecraft:oak_planks":12,"minecraft:barrel":1,"minecraft:glass":6,"minecraft:glass_bottle":6,"minecraft:diamond_axe":1,"minecraft:crafting_table":4,"minecraft:spruce_planks":64,"minecraft:wooden_pickaxe":1,"sophisticatedbackpacks:diamond_backpack":2,"minecraft:stick":16,"minecraft:iron_ingot":16,"minecraft:iron_block":3,"minecraft:wooden_sword":1,"drinkbeer:beer_barrel":1,"minecraft:furnace":1,"minecraft:iron_hoe":1,"minecraft:spruce_slab":6,"relics:researching_table":1,"minecraft:stone_pickaxe":2,"sophisticatedbackpacks:iron_backpack":2,"minecraft:diamond_sword":1,"minecraft:iron_sword":3,"sophisticatedbackpacks:gold_backpack":2,"minecraft:bucket":4,"minecraft:air":0,"minecraft:anvil":1,"minecraft:torch":4},"minecraft:custom":{"minecraft:interact_with_crafting_table":60,"minecraft:open_barrel":12,"minecraft:bell_ring":80,"minecraft:leave_game":18,"minecraft:time_since_death":39235,"minecraft:sprint_one_cm":352307,"minecraft:drop":134,"minecraft:talked_to_villager":8,"minecraft:play_time":496656,"minecraft:deaths":92,"minecraft:jump":5931,"minecraft:interact_with_brewingstand":1,"minecraft:walk_on_water_one_cm":35972,"minecraft:interact_with_furnace":9,"minecraft:play_record":1,"minecraft:interact_with_cartography_table":1,"minecraft:sleep_in_bed":2,"minecraft:open_enderchest":8,"minecraft:damage_dealt":57517,"minecraft:player_kills":2,"minecraft:crouch_one_cm":16667,"tombstone:undead_killed":95,"minecraft:interact_with_smoker":1,"minecraft:inspect_dispenser":5,"minecraft:interact_with_smithing_table":1,"minecraft:interact_with_anvil":1,"minecraft:mob_kills":164,"minecraft:climb_one_cm":22766,"minecraft:walk_one_cm":1779735,"minecraft:damage_dealt_absorbed":39,"minecraft:raid_win":1,"minecraft:sneak_time":9892,"minecraft:walk_under_water_one_cm":16092,"minecraft:interact_with_lectern":2,"minecraft:interact_with_blast_furnace":14,"minecraft:total_world_time":496656,"tombstone:raider_killed":22,"minecraft:tune_noteblock":45,"minecraft:time_since_rest":19134,"minecraft:damage_taken":36630,"minecraft:damage_absorbed":195,"minecraft:trigger_trapped_chest":3,"minecraft:swim_one_cm":28447,"minecraft:fly_one_cm":2215950,"minecraft:open_chest":131,"minecraft:fall_one_cm":216157},"minecraft:dropped":{"biomesoplenty:fir_log":16,"minecraft:iron_sword":1,"minecraft:glass_bottle":1,"minecraft:diamond":3,"relics:infinity_ham":6,"minecraft:lantern":1,"minecraft:leather":14,"relics:horse_flute":2,"minecraft:flint":1,"minecraft:gold_block":1,"alexscaves:galena":7,"minecraft:dirt":4,"minecraft:dark_oak_trapdoor":1,"minecraft:wooden_sword":1,"minecraft:acacia_door":1,"msmlegacy:relic_key_blade":2,"alexscaves:azure_neodymium_pillar":10,"minecraft:bone":2,"minecraft:gold_ingot":86,"sons_of_sins:flesh_of_demise":1,"minecraft:compass":2,"minecraft:emerald_block":1,"minecraft:diamond_block":15,"minecraft:cobbled_deepslate":1,"minecraft:soul_lantern":1,"minecraft:rotten_flesh":28,"minecraft:black_terracotta":1,"minecraft:waxed_oxidized_cut_copper_slab":8,"sophisticatedbackpacks:diamond_backpack":1,"alexscaves:raw_scarlet_neodymium":8,"minecraft:arrow":2,"iceandfire:ice_dragon_blood":5,"minecraft:egg":1,"minecraft:enchanted_book":1,"alexscaves:raw_azure_neodymium":7,"minecraft:wheat_seeds":4,"minecraft:tnt":64,"alexscaves:scarlet_neodymium_pillar":7,"useless_sword:valhalla_sword":1,"tombstone:grave_dust":1,"minecraft:bucket":1,"minecraft:gray_carpet":1,"minecraft:spruce_sapling":1,"minecraft:redstone":10,"minecraft:sweet_berries":4,"alexsmobs:acacia_blossom":1,"minecraft:nether_wart":1,"minecraft:smoker":1,"minecraft:polished_deepslate_stairs":1,"minecraft:mud_bricks":1,"minecraft:peony":1,"minecraft:spruce_log":126,"minecraft:dark_prismarine":1},"minecraft:picked_up":{"minecraft:iron_chestplate":1,"minecraft:redstone_block":8,"minecraft:creeper_head":1,"minecraft:anvil":2,"minecraft:stone_slab":1,"minecraft:diamond_sword":4,"minecraft:potion":1,"minecraft:enchanted_book":4,"sons_of_sins:muscle":2,"minecraft:brewing_stand":1,"minecraft:polished_deepslate":2,"minecraft:string":16,"minecraft:dark_oak_trapdoor":4,"minecraft:waxed_cut_copper_slab":6,"minecraft:raw_copper":40,"minecraft:iron_leggings":1,"minecraft:cobbled_deepslate":14,"minecraft:comparator":2,"minecraft:spruce_planks":38,"minecraft:waxed_exposed_cut_copper":5,"minecraft:rose_bush":5,"minecraft:iron_pickaxe":1,"minecraft:furnace":1,"minecraft:jukebox":1,"minecraft:polished_deepslate_stairs":2,"minecraft:torch":10,"alexscaves:raw_azure_neodymium":7,"minecraft:porkchop":1,"minecraft:pointed_dripstone":6,"tombstone:grave_dust":21,"msmlegacy:relic_key_blade":1,"minecraft:cauldron":1,"minecraft:brown_carpet":1,"minecraft:waxed_cut_copper_stairs":3,"minecraft:yellow_banner":2,"minecraft:rotten_flesh":63,"relics:horse_flute":3,"sons_of_sins:heart":2,"minecraft:glowstone":2,"minecraft:white_terracotta":1,"minecraft:waxed_cut_copper":23,"minecraft:deepslate_brick_stairs":2,"minecraft:obsidian":8,"minecraft:cobblestone":458,"relics:roller_skates":1,"minecraft:oxidized_copper":3,"minecraft:lilac":4,"minecraft:cooked_beef":1,"minecraft:mud_brick_stairs":4,"minecraft:smoker":1,"minecraft:potato":1,"biomesoplenty:fir_log":96,"minecraft:flint":4,"graveyard:dark_iron_door":2,"minecraft:lapis_lazuli":9,"minecraft:dirt":97,"minecraft:lantern":12,"alexscaves:galena":15,"iceandfire:ice_dragon_blood":4,"minecraft:bone":61,"minecraft:acacia_planks":3,"minecraft:wheat_seeds":26,"minecraft:dark_oak_sign":12,"minecraft:glowstone_dust":6,"minecraft:moss_block":17,"graveyard:fire_brazier":1,"minecraft:black_terracotta":22,"minecraft:red_sandstone_wall":1,"minecraft:stripped_acacia_wood":3,"minecraft:sand":62,"sons_of_sins:ribs":1,"minecraft:ink_sac":13,"minecraft:diamond_block":9,"sons_of_sins:flesh_of_demise":4,"minecraft:mossy_cobblestone":1,"minecraft:dark_prismarine":9,"minecraft:bundle":3,"minecraft:dark_prismarine_slab":5,"minecraft:white_candle":3,"minecraft:diamond":63,"minecraft:soul_lantern":16,"minecraft:lever":4,"minecraft:polished_blackstone_button":5,"minecraft:golden_apple":74,"relics:researching_table":1,"minecraft:chainmail_helmet":1,"minecraft:spruce_sign":5,"minecraft:emerald":1,"minecraft:bread":5,"minecraft:blue_banner":2,"alexsmobs:maggot":2,"minecraft:light_gray_carpet":4,"minecraft:netherrack":1,"minecraft:dark_oak_fence":3,"iceandfire:silver_nugget":242,"iceandfire:raw_silver":5,"alexscaves:raw_scarlet_neodymium":3,"minecraft:crafting_table":11,"minecraft:mud_brick_slab":7,"minecraft:waxed_oxidized_cut_copper":19,"minecraft:coarse_dirt":28,"iceandfire:witherbone":5,"minecraft:ladder":9,"minecraft:nether_wart":1,"graveyard:lying_wither_skeleton":1,"minecraft:redstone_lamp":4,"minecraft:gold_block":2,"minecraft:acacia_button":1,"minecraft:chain":2,"iceandfire:frozen_grass":1,"minecraft:red_bed":6,"relics:leather_belt":1,"minecraft:moss_carpet":5,"minecraft:iron_axe":1,"minecraft:acacia_door":3,"minecraft:flint_and_steel":1,"minecraft:netherite_scrap":1,"minecraft:item_frame":3,"minecraft:compass":2,"minecraft:iron_shovel":1,"graveyard:corruption":11,"iceandfire:graveyard_soil":1,"minecraft:dark_prismarine_stairs":4,"minecraft:player_head":4,"minecraft:poppy":2,"graveyard:leaning_skeleton":1,"minecraft:spruce_slab":15,"minecraft:tinted_glass":3,"useless_sword:ravager_leather":8,"sons_of_sins:sickle_of_struggle":1,"minecraft:spruce_trapdoor":14,"minecraft:egg":5,"minecraft:copper_ore":1,"minecraft:dark_oak_sapling":2,"minecraft:raw_iron":12,"iceandfire:dragonbone":11,"minecraft:glow_item_frame":9,"minecraft:copper_ingot":24,"minecraft:music_disc_mellohi":5,"sophisticatedbackpacks:backpack":1,"minecraft:spruce_fence":1,"graveyard:dark_iron_bars":4,"minecraft:carrot":1,"minecraft:redstone":48,"minecraft:mangrove_trapdoor":1,"minecraft:dark_oak_planks":50,"iceandfire:dragon_skull_ice":1,"minecraft:tnt":2,"minecraft:arrow":34,"minecraft:pumpkin_pie":1,"minecraft:peony":3,"minecraft:cut_copper":20,"graveyard:leaning_wither_skeleton":1,"minecraft:stripped_dark_oak_wood":16,"drinkbeer:beer_barrel":1,"minecraft:saddle":10,"minecraft:gold_ingot":400,"minecraft:glow_berries":10,"minecraft:mutton":4,"minecraft:white_wool":4,"minecraft:rail":4,"minecraft:mud_bricks":74,"minecraft:tripwire_hook":1,"minecraft:salmon":1,"alexsmobs:acacia_blossom":2,"minecraft:birch_planks":1,"minecraft:packed_mud":29,"minecraft:chainmail_chestplate":1,"minecraft:gunpowder":5,"alexscaves:ferrouslime_ball":1,"minecraft:red_carpet":2,"minecraft:stone_bricks":1,"minecraft:gray_carpet":4,"minecraft:acacia_trapdoor":3,"minecraft:spore_blossom":1,"minecraft:iron_ingot":53,"minecraft:cobweb":9,"tombstone:bag_of_seeds":1,"relics:infinity_ham":9,"minecraft:glass_bottle":1,"minecraft:flowering_azalea":1,"minecraft:iron_sword":2,"minecraft:oxidized_cut_copper":20,"minecraft:dark_oak_stairs":7,"sophisticatedbackpacks:diamond_backpack":1,"minecraft:book":115,"minecraft:scaffolding":8,"minecraft:black_candle":2,"minecraft:smooth_basalt":1,"minecraft:dark_oak_slab":1,"minecraft:emerald_block":1,"minecraft:sweet_berries":11,"minecraft:raw_iron_block":3,"minecraft:dripstone_block":1,"minecraft:gravel":4,"graveyard:wither_skull_with_rib_cage":1,"minecraft:amethyst_shard":36,"minecraft:spruce_sapling":3,"minecraft:mud_brick_wall":5,"minecraft:spruce_log":79,"minecraft:spider_eye":1,"minecraft:purple_bed":1,"minecraft:chainmail_leggings":1,"minecraft:diamond_axe":1,"alexscaves:scarlet_neodymium_pillar":6,"alexscaves:azure_neodymium_pillar":10,"minecraft:lodestone":1,"minecraft:waxed_oxidized_cut_copper_slab":18,"minecraft:terracotta":1,"minecraft:baked_potato":1,"tombstone:magic_scroll":1,"minecraft:stripped_dark_oak_log":1,"minecraft:coal":35,"minecraft:ender_pearl":1},"minecraft:killed_by":{"minecraft:wither_skeleton":23,"minecraft:ravager":7,"graveyard:acolyte":1,"iceandfire:ice_dragon":14,"minecraft:zombie":5,"alexscaves:teletor":2,"graveyard:wraith":3,"minecraft:spider":1,"minecraft:enderman":1,"minecraft:skeleton":22,"graveyard:corrupted_vindicator":1,"iceandfire:ghost":1},"minecraft:broken":{"minecraft:golden_boots":1,"minecraft:leather_leggings":1,"minecraft:iron_chestplate":1,"minecraft:stone_pickaxe":1,"minecraft:iron_sword":3,"minecraft:diamond_sword":2,"minecraft:chainmail_leggings":1,"minecraft:chainmail_helmet":1,"minecraft:leather_chestplate":1,"minecraft:iron_axe":1,"minecraft:leather_boots":1},"minecraft:mined":{"minecraft:dark_oak_planks":2,"minecraft:waxed_cut_copper_slab":1,"minecraft:spruce_planks":2,"iceandfire:graveyard_soil":1,"minecraft:black_terracotta":4,"alexscaves:azure_neodymium_pillar":11,"minecraft:grass_block":19,"minecraft:mud_bricks":8,"minecraft:spawner":3,"minecraft:glowstone":1,"minecraft:iron_ore":5,"minecraft:cobbled_deepslate":1,"minecraft:fire":29,"minecraft:moss_carpet":1,"minecraft:anvil":1,"minecraft:stripped_dark_oak_wood":2,"minecraft:dark_oak_stairs":2,"minecraft:green_stained_glass":1,"minecraft:pointed_dripstone":1,"minecraft:deepslate_brick_stairs":2,"minecraft:player_head":2,"minecraft:spruce_slab":2,"minecraft:waxed_cut_copper_stairs":1,"minecraft:red_bed":6,"minecraft:medium_amethyst_bud":1,"graveyard:fire_brazier":1,"minecraft:amethyst_cluster":9,"minecraft:soul_lantern":1,"iceandfire:dragon_ice_spikes":6,"minecraft:torch":2,"minecraft:mud_brick_stairs":2,"alexscaves:energized_galena_scarlet":2,"minecraft:cobblestone":13,"minecraft:wall_torch":3,"drinkbeer:beer_barrel":1,"minecraft:lilac":1,"minecraft:jukebox":1,"minecraft:tnt":2,"biomesoplenty:fir_log":80,"minecraft:grass":86,"graveyard:creeper_skeleton":1,"minecraft:dark_oak_sapling":1,"minecraft:sand":61,"minecraft:dirt":7,"minecraft:smooth_basalt":1,"minecraft:netherrack":1,"minecraft:deepslate":7,"minecraft:dark_prismarine":1,"minecraft:red_carpet":2,"minecraft:yellow_wall_banner":1,"iceandfire:silver_ore":4,"minecraft:mossy_cobblestone":1,"minecraft:spruce_fence":1,"iceandfire:frozen_grass":1,"minecraft:spruce_leaves":19,"alexscaves:galena":6,"minecraft:large_fern":10,"minecraft:packed_mud":3,"minecraft:waxed_oxidized_cut_copper":3,"minecraft:furnace":1,"minecraft:polished_deepslate":2,"minecraft:deepslate_iron_ore":7,"minecraft:vine":1,"minecraft:stone":77,"minecraft:white_wool":1,"minecraft:ender_chest":1,"minecraft:scaffolding":3,"minecraft:redstone_block":1,"minecraft:comparator":1,"minecraft:observer":1,"relics:researching_table":1,"minecraft:crafting_table":12,"minecraft:sculk_sensor":1,"minecraft:stone_slab":1,"minecraft:copper_ore":7,"minecraft:tall_grass":8,"biomesoplenty:sprout":3,"minecraft:sculk":1,"minecraft:purple_bed":1,"minecraft:coarse_dirt":2,"graveyard:vase_block":1,"minecraft:spruce_log":15,"graveyard:dark_iron_bars":1,"minecraft:coal_ore":28,"iceandfire:silver_pile":12,"biomesoplenty:fir_leaves":11,"minecraft:gray_carpet":6,"minecraft:cobweb":8,"alexscaves:scarlet_neodymium_pillar":4,"minecraft:fern":3}},"DataVersion":3465}