{"stats":{"minecraft:killed":{"minecraft:vindicator":1,"minecraft:skeleton":2,"minecraft:pillager":3,"minecraft:zombie":2},"minecraft:used":{"minecraft:calcite":1,"minecraft:stone_pickaxe":53,"minecraft:wooden_pickaxe":10,"minecraft:iron_sword":2,"minecraft:rotten_flesh":1,"minecraft:mossy_cobblestone":1,"minecraft:crafting_table":3,"minecraft:spruce_log":4,"relics:horse_flute":9,"minecraft:bread":8,"minecraft:smooth_basalt":1,"minecraft:wooden_sword":36,"minecraft:cobblestone":3,"alexsmobs:animal_dictionary":1,"minecraft:potato":24,"minecraft:cobbled_deepslate":6,"minecraft:pointed_dripstone":1},"minecraft:crafted":{"minecraft:wooden_sword":1,"minecraft:crafting_table":1,"minecraft:spruce_planks":44,"minecraft:wooden_pickaxe":1,"minecraft:iron_sword":1,"minecraft:stick":8,"minecraft:stone_pickaxe":1},"minecraft:dropped":{"relics:horse_flute":2},"minecraft:custom":{"minecraft:interact_with_furnace":2,"minecraft:mob_kills":8,"tombstone:raider_killed":4,"minecraft:interact_with_crafting_table":4,"minecraft:bell_ring":3,"minecraft:leave_game":5,"minecraft:time_since_death":77067,"minecraft:climb_one_cm":12885,"minecraft:time_since_rest":77067,"minecraft:sprint_one_cm":59088,"minecraft:damage_taken":586,"minecraft:walk_one_cm":267475,"minecraft:drop":2,"minecraft:damage_dealt":1651,"minecraft:damage_dealt_absorbed":39,"minecraft:swim_one_cm":8546,"minecraft:talked_to_villager":5,"minecraft:fly_one_cm":357308,"minecraft:open_chest":30,"minecraft:crouch_one_cm":295,"minecraft:play_time":77067,"tombstone:undead_killed":4,"minecraft:sneak_time":244,"minecraft:walk_under_water_one_cm":5373,"minecraft:jump":811,"minecraft:walk_on_water_one_cm":7362,"minecraft:total_world_time":77067,"minecraft:fall_one_cm":13793},"minecraft:picked_up":{"minecraft:crafting_table":3,"minecraft:coarse_dirt":25,"alexsmobs:acacia_blossom":1,"minecraft:dirt":5,"minecraft:raw_copper":17,"minecraft:bone":3,"minecraft:wheat_seeds":1,"minecraft:cobbled_deepslate":6,"minecraft:smooth_basalt":1,"sophisticatedbackpacks:backpack":1,"minecraft:amethyst_shard":36,"minecraft:spruce_sapling":1,"minecraft:pointed_dripstone":1,"minecraft:spruce_log":15,"minecraft:mossy_cobblestone":1,"minecraft:bundle":1,"minecraft:arrow":2,"minecraft:rotten_flesh":2,"relics:horse_flute":2,"minecraft:emerald":1,"minecraft:coal":1,"minecraft:cobblestone":33,"iceandfire:raw_silver":1},"minecraft:mined":{"minecraft:scaffolding":1,"iceandfire:silver_ore":1,"minecraft:mossy_cobblestone":1,"minecraft:medium_amethyst_bud":1,"minecraft:amethyst_cluster":9,"minecraft:crafting_table":3,"minecraft:grass_block":1,"minecraft:copper_ore":6,"minecraft:cobblestone":3,"minecraft:spruce_leaves":9,"minecraft:cobbled_deepslate":1,"minecraft:spruce_log":15,"minecraft:pointed_dripstone":1,"minecraft:coal_ore":1,"minecraft:dirt":1,"minecraft:smooth_basalt":1,"minecraft:stone":31,"minecraft:deepslate":5}},"DataVersion":3465}