{"stats":{"minecraft:mined":{"minecraft:dark_oak_planks":2,"minecraft:waxed_cut_copper_slab":1,"minecraft:spruce_planks":2,"minecraft:black_terracotta":4,"minecraft:grass_block":3,"minecraft:mud_bricks":8,"minecraft:spawner":3,"minecraft:glowstone":1,"minecraft:cobbled_deepslate":1,"minecraft:fire":9,"minecraft:moss_carpet":1,"minecraft:anvil":1,"minecraft:stripped_dark_oak_wood":2,"minecraft:dark_oak_stairs":2,"minecraft:green_stained_glass":1,"minecraft:pointed_dripstone":1,"minecraft:deepslate_brick_stairs":2,"minecraft:player_head":2,"minecraft:spruce_slab":2,"minecraft:waxed_cut_copper_stairs":1,"minecraft:red_bed":4,"minecraft:medium_amethyst_bud":1,"graveyard:fire_brazier":1,"minecraft:amethyst_cluster":9,"minecraft:soul_lantern":1,"iceandfire:dragon_ice_spikes":1,"minecraft:torch":2,"minecraft:mud_brick_stairs":2,"minecraft:cobblestone":13,"minecraft:wall_torch":3,"minecraft:jukebox":1,"minecraft:grass":2,"graveyard:creeper_skeleton":1,"minecraft:dirt":1,"minecraft:smooth_basalt":1,"minecraft:deepslate":7,"minecraft:dark_prismarine":1,"minecraft:red_carpet":2,"minecraft:yellow_wall_banner":1,"iceandfire:silver_ore":4,"minecraft:mossy_cobblestone":1,"minecraft:spruce_fence":1,"minecraft:spruce_leaves":9,"minecraft:large_fern":1,"minecraft:waxed_oxidized_cut_copper":3,"minecraft:packed_mud":3,"minecraft:polished_deepslate":2,"minecraft:deepslate_iron_ore":7,"minecraft:stone":65,"minecraft:white_wool":1,"minecraft:ender_chest":1,"minecraft:scaffolding":3,"minecraft:redstone_block":1,"minecraft:comparator":1,"minecraft:observer":1,"minecraft:crafting_table":9,"minecraft:sculk_sensor":1,"minecraft:stone_slab":1,"minecraft:copper_ore":7,"minecraft:sculk":1,"minecraft:coarse_dirt":2,"graveyard:vase_block":1,"minecraft:spruce_log":15,"graveyard:dark_iron_bars":1,"minecraft:coal_ore":20,"minecraft:gray_carpet":6,"minecraft:cobweb":6},"minecraft:dropped":{"minecraft:iron_sword":1,"minecraft:glass_bottle":1,"minecraft:diamond":3,"relics:infinity_ham":4,"minecraft:lantern":1,"relics:horse_flute":2,"minecraft:gold_block":1,"minecraft:dark_oak_trapdoor":1,"minecraft:wooden_sword":1,"minecraft:acacia_door":1,"minecraft:gold_ingot":86,"minecraft:bone":1,"minecraft:compass":2,"minecraft:emerald_block":1,"minecraft:diamond_block":8,"minecraft:cobbled_deepslate":1,"minecraft:soul_lantern":1,"minecraft:black_terracotta":1,"minecraft:rotten_flesh":28,"minecraft:waxed_oxidized_cut_copper_slab":8,"sophisticatedbackpacks:diamond_backpack":1,"minecraft:arrow":2,"minecraft:egg":1,"minecraft:enchanted_book":1,"minecraft:wheat_seeds":1,"useless_sword:valhalla_sword":1,"minecraft:bucket":1,"minecraft:gray_carpet":1,"minecraft:spruce_sapling":1,"minecraft:redstone":10,"minecraft:sweet_berries":4,"alexsmobs:acacia_blossom":1,"minecraft:nether_wart":1,"minecraft:smoker":1,"minecraft:polished_deepslate_stairs":1,"minecraft:mud_bricks":1,"minecraft:peony":1,"minecraft:dark_prismarine":1},"minecraft:killed_by":{"minecraft:wither_skeleton":23,"minecraft:ravager":7,"graveyard:acolyte":1,"minecraft:zombie":3,"graveyard:wraith":3,"minecraft:skeleton":22,"graveyard:corrupted_vindicator":1},"minecraft:broken":{"minecraft:leather_leggings":1,"minecraft:stone_pickaxe":1,"minecraft:iron_sword":3,"minecraft:diamond_sword":2,"minecraft:chainmail_helmet":1,"minecraft:leather_chestplate":1,"minecraft:leather_boots":1},"minecraft:killed":{"minecraft:witch":1,"minecraft:spider":1,"graveyard:wraith":14,"minecraft:skeleton":39,"minecraft:pig":1,"minecraft:creeper":8,"minecraft:sheep":3,"minecraft:pillager":3,"minecraft:zombie":12,"graveyard:corrupted_pillager":5,"graveyard:corrupted_vindicator":4,"minecraft:vindicator":1,"endermanoverhaul:swamp_enderman":1,"graveyard:ghoul":1,"minecraft:ravager":16,"minecraft:wither_skeleton":12},"minecraft:crafted":{"minecraft:crafting_table":3,"minecraft:spruce_planks":56,"minecraft:wooden_pickaxe":1,"sophisticatedbackpacks:diamond_backpack":1,"minecraft:stick":12,"minecraft:iron_ingot":16,"minecraft:wooden_sword":1,"minecraft:stone_pickaxe":2,"sophisticatedbackpacks:iron_backpack":1,"minecraft:diamond_sword":1,"minecraft:iron_sword":3,"sophisticatedbackpacks:gold_backpack":1,"minecraft:bucket":1,"minecraft:torch":4},"minecraft:picked_up":{"minecraft:redstone_block":8,"minecraft:creeper_head":1,"minecraft:anvil":1,"minecraft:stone_slab":1,"minecraft:diamond_sword":4,"minecraft:enchanted_book":3,"minecraft:potion":1,"minecraft:brewing_stand":1,"minecraft:polished_deepslate":2,"minecraft:string":12,"minecraft:dark_oak_trapdoor":4,"minecraft:waxed_cut_copper_slab":2,"minecraft:raw_copper":30,"minecraft:iron_leggings":1,"minecraft:cobbled_deepslate":14,"minecraft:comparator":2,"minecraft:spruce_planks":38,"minecraft:waxed_exposed_cut_copper":5,"minecraft:rose_bush":5,"minecraft:jukebox":1,"minecraft:polished_deepslate_stairs":2,"minecraft:torch":9,"minecraft:porkchop":1,"tombstone:grave_dust":20,"minecraft:pointed_dripstone":6,"minecraft:cauldron":1,"minecraft:brown_carpet":1,"minecraft:waxed_cut_copper_stairs":3,"minecraft:yellow_banner":2,"minecraft:rotten_flesh":55,"relics:horse_flute":2,"minecraft:glowstone":2,"minecraft:waxed_cut_copper":23,"minecraft:deepslate_brick_stairs":2,"minecraft:obsidian":8,"minecraft:cobblestone":76,"minecraft:lilac":4,"relics:roller_skates":1,"minecraft:oxidized_copper":3,"minecraft:cooked_beef":1,"minecraft:mud_brick_stairs":4,"minecraft:smoker":1,"graveyard:dark_iron_door":2,"minecraft:dirt":7,"minecraft:lantern":12,"minecraft:bone":60,"minecraft:acacia_planks":3,"minecraft:wheat_seeds":2,"minecraft:dark_oak_sign":12,"minecraft:glowstone_dust":6,"minecraft:moss_block":17,"graveyard:fire_brazier":1,"minecraft:black_terracotta":22,"minecraft:red_sandstone_wall":1,"minecraft:stripped_acacia_wood":3,"minecraft:diamond_block":9,"minecraft:mossy_cobblestone":1,"minecraft:dark_prismarine":8,"minecraft:bundle":3,"minecraft:dark_prismarine_slab":5,"minecraft:white_candle":3,"minecraft:diamond":63,"minecraft:soul_lantern":16,"minecraft:lever":4,"minecraft:polished_blackstone_button":5,"minecraft:golden_apple":3,"minecraft:bread":5,"minecraft:spruce_sign":5,"minecraft:chainmail_helmet":1,"minecraft:emerald":1,"minecraft:blue_banner":2,"minecraft:light_gray_carpet":4,"minecraft:dark_oak_fence":3,"iceandfire:raw_silver":4,"minecraft:mud_brick_slab":7,"minecraft:crafting_table":8,"minecraft:waxed_oxidized_cut_copper":19,"minecraft:coarse_dirt":27,"minecraft:ladder":9,"graveyard:lying_wither_skeleton":1,"iceandfire:witherbone":5,"minecraft:nether_wart":1,"minecraft:redstone_lamp":4,"minecraft:gold_block":2,"minecraft:acacia_button":1,"minecraft:chain":2,"minecraft:red_bed":4,"minecraft:moss_carpet":5,"minecraft:acacia_door":3,"minecraft:flint_and_steel":1,"minecraft:netherite_scrap":1,"minecraft:compass":2,"minecraft:item_frame":3,"graveyard:corruption":11,"minecraft:dark_prismarine_stairs":4,"minecraft:player_head":4,"graveyard:leaning_skeleton":1,"minecraft:spruce_slab":15,"minecraft:tinted_glass":3,"useless_sword:ravager_leather":8,"minecraft:spruce_trapdoor":14,"minecraft:copper_ore":1,"minecraft:egg":3,"minecraft:raw_iron":7,"minecraft:glow_item_frame":9,"minecraft:copper_ingot":24,"minecraft:music_disc_mellohi":5,"sophisticatedbackpacks:backpack":1,"minecraft:spruce_fence":1,"graveyard:dark_iron_bars":4,"minecraft:redstone":48,"minecraft:mangrove_trapdoor":1,"minecraft:dark_oak_planks":50,"minecraft:tnt":2,"minecraft:arrow":28,"minecraft:pumpkin_pie":1,"minecraft:peony":3,"minecraft:cut_copper":20,"graveyard:leaning_wither_skeleton":1,"minecraft:stripped_dark_oak_wood":16,"minecraft:gold_ingot":272,"minecraft:saddle":10,"minecraft:glow_berries":10,"minecraft:mutton":4,"minecraft:rail":4,"minecraft:white_wool":4,"minecraft:mud_bricks":74,"minecraft:tripwire_hook":1,"minecraft:salmon":1,"alexsmobs:acacia_blossom":2,"minecraft:birch_planks":1,"minecraft:packed_mud":29,"minecraft:gunpowder":5,"minecraft:red_carpet":2,"minecraft:gray_carpet":4,"minecraft:acacia_trapdoor":3,"minecraft:spore_blossom":1,"minecraft:iron_ingot":49,"minecraft:cobweb":9,"relics:infinity_ham":4,"minecraft:glass_bottle":1,"minecraft:oxidized_cut_copper":20,"minecraft:iron_sword":2,"minecraft:flowering_azalea":1,"minecraft:dark_oak_stairs":7,"sophisticatedbackpacks:diamond_backpack":1,"minecraft:book":115,"minecraft:scaffolding":8,"minecraft:smooth_basalt":1,"minecraft:black_candle":2,"minecraft:dark_oak_slab":1,"minecraft:emerald_block":1,"minecraft:sweet_berries":11,"minecraft:raw_iron_block":3,"minecraft:dripstone_block":1,"graveyard:wither_skull_with_rib_cage":1,"minecraft:amethyst_shard":36,"minecraft:spruce_sapling":2,"minecraft:mud_brick_wall":5,"minecraft:spruce_log":15,"minecraft:spider_eye":1,"minecraft:diamond_axe":1,"minecraft:terracotta":1,"minecraft:lodestone":1,"minecraft:waxed_oxidized_cut_copper_slab":18,"minecraft:baked_potato":1,"minecraft:stripped_dark_oak_log":1,"minecraft:coal":27},"minecraft:custom":{"minecraft:interact_with_crafting_table":26,"minecraft:open_barrel":12,"minecraft:bell_ring":20,"minecraft:leave_game":12,"minecraft:time_since_death":30039,"minecraft:sprint_one_cm":146101,"minecraft:drop":60,"minecraft:talked_to_villager":8,"minecraft:play_time":334826,"minecraft:deaths":68,"minecraft:jump":2457,"minecraft:interact_with_brewingstand":1,"minecraft:walk_on_water_one_cm":15243,"minecraft:interact_with_furnace":3,"minecraft:play_record":1,"minecraft:interact_with_cartography_table":1,"minecraft:sleep_in_bed":1,"minecraft:open_enderchest":7,"minecraft:damage_dealt":45673,"minecraft:player_kills":2,"minecraft:crouch_one_cm":12983,"tombstone:undead_killed":78,"minecraft:interact_with_smoker":1,"minecraft:inspect_dispenser":5,"minecraft:interact_with_smithing_table":1,"minecraft:mob_kills":126,"minecraft:interact_with_anvil":1,"minecraft:climb_one_cm":20049,"minecraft:walk_one_cm":1324411,"minecraft:damage_dealt_absorbed":39,"minecraft:sneak_time":8418,"minecraft:walk_under_water_one_cm":8099,"minecraft:interact_with_lectern":2,"minecraft:interact_with_blast_furnace":14,"minecraft:total_world_time":334826,"tombstone:raider_killed":21,"minecraft:tune_noteblock":45,"minecraft:time_since_rest":29795,"minecraft:damage_taken":25514,"minecraft:damage_absorbed":40,"minecraft:swim_one_cm":8546,"minecraft:fly_one_cm":1371261,"minecraft:open_chest":96,"minecraft:fall_one_cm":83992},"minecraft:used":{"minecraft:moss_block":2,"minecraft:spruce_slab":6,"minecraft:chest":19,"minecraft:iron_sword":796,"minecraft:rotten_flesh":17,"minecraft:mutton":4,"minecraft:stripped_dark_oak_wood":2,"minecraft:lantern":1,"minecraft:packed_mud":5,"minecraft:copper_ore":2,"minecraft:redstone_lamp":1,"minecraft:sweet_berries":8,"minecraft:egg":1,"minecraft:potato":24,"minecraft:dark_prismarine_stairs":2,"minecraft:dark_oak_stairs":2,"minecraft:waxed_oxidized_cut_copper_slab":8,"minecraft:gray_carpet":1,"minecraft:stone_pickaxe":179,"minecraft:wooden_pickaxe":10,"minecraft:redstone_block":3,"graveyard:dark_iron_bars":2,"minecraft:white_wool":1,"minecraft:golden_apple":1,"minecraft:deepslate_brick_stairs":2,"minecraft:black_terracotta":3,"relics:horse_flute":12,"minecraft:zombie_head":1,"minecraft:bread":16,"tombstone:grave_key":46,"graveyard:fire_brazier":1,"graveyard:dark_iron_door":1,"minecraft:diamond_sword":385,"minecraft:wooden_sword":36,"minecraft:coarse_dirt":24,"minecraft:flint_and_steel":5,"minecraft:spruce_planks":32,"minecraft:ender_chest":1,"minecraft:torch":43,"minecraft:dirt":5,"minecraft:spruce_fence":1,"minecraft:mud_brick_stairs":3,"minecraft:music_disc_mellohi":1,"minecraft:dark_oak_planks":2,"minecraft:waxed_cut_copper":1,"minecraft:mud_bricks":35,"minecraft:smooth_basalt":1,"minecraft:glowstone":55,"minecraft:golden_carrot":12,"minecraft:waxed_cut_copper_slab":1,"tombstone:gift":11,"minecraft:cooked_beef":1,"minecraft:cobbled_deepslate":10,"minecraft:observer":1,"minecraft:pointed_dripstone":5,"minecraft:calcite":1,"minecraft:lodestone":2,"minecraft:baked_potato":1,"minecraft:waxed_oxidized_cut_copper":3,"minecraft:salmon":2,"minecraft:glow_item_frame":2,"minecraft:mossy_cobblestone":1,"minecraft:comparator":1,"minecraft:tnt":19,"minecraft:crafting_table":11,"minecraft:red_bed":1,"minecraft:spruce_log":4,"minecraft:dark_prismarine":1,"minecraft:stone_slab":1,"minecraft:cobblestone":70,"minecraft:potion":1,"minecraft:porkchop":1,"minecraft:pumpkin_pie":1,"alexsmobs:animal_dictionary":1,"minecraft:polished_blackstone_button":1,"alexscaves:nuclear_bomb":4,"minecraft:splash_potion":2}},"DataVersion":3465}