{"stats":{"minecraft:picked_up":{"minecraft:stick":2,"minecraft:wheat_seeds":1,"minecraft:cobblestone":3},"minecraft:custom":{"minecraft:time_since_rest":111,"minecraft:crouch_one_cm":421,"minecraft:play_time":6738,"minecraft:sprint_one_cm":5199,"minecraft:walk_one_cm":7776,"minecraft:damage_taken":650,"minecraft:deaths":2,"minecraft:sneak_time":46,"minecraft:drop":1,"minecraft:jump":80,"minecraft:damage_dealt":128,"minecraft:leave_game":1,"minecraft:time_since_death":87,"minecraft:total_world_time":6738,"minecraft:fall_one_cm":3226,"minecraft:fly_one_cm":229007},"minecraft:killed_by":{"alexscaves:brainiac":1,"alexscaves:tremorzilla":1},"minecraft:dropped":{"minecraft:grass_block":1},"minecraft:used":{"alexscaves:spawn_egg_radgill":1,"alexscaves:spawn_egg_brainiac":1,"alexscaves:spawn_egg_tremorzilla":1,"alexscaves:spawn_egg_gammaroach":1,"minecraft:grass_block":2}},"DataVersion":3465}