{"stats":{"minecraft:killed":{"minecraft:witch":1,"graveyard:corrupted_vindicator":4,"minecraft:vindicator":1,"graveyard:wraith":14,"minecraft:skeleton":6,"minecraft:pig":1,"minecraft:sheep":3,"minecraft:pillager":3,"minecraft:zombie":7,"graveyard:corrupted_pillager":5},"minecraft:used":{"minecraft:iron_sword":189,"minecraft:rotten_flesh":11,"minecraft:torch":7,"minecraft:dirt":5,"minecraft:mutton":4,"minecraft:spruce_fence":1,"minecraft:lantern":1,"minecraft:smooth_basalt":1,"tombstone:gift":4,"minecraft:egg":1,"minecraft:potato":24,"minecraft:cobbled_deepslate":8,"minecraft:pointed_dripstone":5,"minecraft:calcite":1,"minecraft:stone_pickaxe":94,"minecraft:wooden_pickaxe":10,"graveyard:dark_iron_bars":2,"minecraft:white_wool":1,"minecraft:golden_apple":1,"minecraft:mossy_cobblestone":1,"minecraft:crafting_table":5,"minecraft:red_bed":1,"minecraft:spruce_log":4,"minecraft:deepslate_brick_stairs":2,"relics:horse_flute":9,"minecraft:bread":16,"tombstone:grave_key":6,"graveyard:fire_brazier":1,"graveyard:dark_iron_door":1,"minecraft:wooden_sword":36,"minecraft:cobblestone":10,"minecraft:potion":1,"minecraft:porkchop":1,"alexsmobs:animal_dictionary":1,"minecraft:coarse_dirt":23},"minecraft:crafted":{"minecraft:wooden_sword":1,"minecraft:stone_pickaxe":1,"sophisticatedbackpacks:iron_backpack":1,"minecraft:crafting_table":1,"minecraft:spruce_planks":52,"minecraft:wooden_pickaxe":1,"minecraft:iron_sword":1,"minecraft:bucket":1,"minecraft:stick":8,"minecraft:iron_ingot":16,"minecraft:torch":4},"minecraft:dropped":{"minecraft:wheat_seeds":1,"minecraft:glass_bottle":1,"relics:horse_flute":2,"minecraft:wooden_sword":1,"minecraft:bucket":1,"minecraft:spruce_sapling":1,"minecraft:egg":1},"minecraft:custom":{"minecraft:mob_kills":45,"minecraft:interact_with_crafting_table":12,"minecraft:open_barrel":3,"minecraft:bell_ring":20,"minecraft:leave_game":8,"minecraft:time_since_death":22864,"minecraft:climb_one_cm":14061,"minecraft:sprint_one_cm":99017,"minecraft:walk_one_cm":590021,"minecraft:drop":8,"minecraft:damage_dealt_absorbed":39,"minecraft:talked_to_villager":8,"minecraft:play_time":152350,"minecraft:deaths":5,"minecraft:sneak_time":858,"minecraft:walk_under_water_one_cm":5474,"minecraft:interact_with_lectern":2,"minecraft:jump":1354,"minecraft:interact_with_brewingstand":1,"minecraft:interact_with_blast_furnace":10,"minecraft:walk_on_water_one_cm":7605,"minecraft:total_world_time":152350,"minecraft:interact_with_furnace":3,"tombstone:raider_killed":5,"minecraft:tune_noteblock":2,"minecraft:sleep_in_bed":1,"minecraft:time_since_rest":7623,"minecraft:damage_taken":2845,"minecraft:damage_absorbed":40,"minecraft:damage_dealt":10323,"minecraft:swim_one_cm":8546,"minecraft:fly_one_cm":429995,"minecraft:player_kills":1,"minecraft:open_chest":44,"minecraft:crouch_one_cm":1974,"tombstone:undead_killed":27,"minecraft:interact_with_smoker":1,"minecraft:fall_one_cm":34502},"minecraft:picked_up":{"minecraft:coarse_dirt":26,"minecraft:crafting_table":4,"graveyard:lying_wither_skeleton":1,"minecraft:enchanted_book":1,"minecraft:potion":1,"minecraft:brewing_stand":1,"minecraft:polished_deepslate":2,"minecraft:string":2,"minecraft:red_bed":4,"minecraft:raw_copper":27,"graveyard:corruption":10,"minecraft:cobbled_deepslate":8,"graveyard:leaning_skeleton":1,"minecraft:egg":3,"minecraft:raw_iron":7,"minecraft:polished_deepslate_stairs":1,"minecraft:torch":5,"minecraft:spruce_fence":1,"sophisticatedbackpacks:backpack":1,"minecraft:porkchop":1,"tombstone:grave_dust":10,"minecraft:pointed_dripstone":5,"graveyard:dark_iron_bars":4,"minecraft:arrow":2,"minecraft:rotten_flesh":16,"relics:horse_flute":2,"graveyard:leaning_wither_skeleton":1,"minecraft:gold_ingot":2,"minecraft:deepslate_brick_stairs":2,"minecraft:mutton":4,"minecraft:cobblestone":53,"minecraft:white_wool":4,"relics:roller_skates":1,"minecraft:oxidized_copper":3,"alexsmobs:acacia_blossom":1,"graveyard:dark_iron_door":2,"minecraft:dirt":7,"minecraft:lantern":1,"minecraft:bone":23,"minecraft:wheat_seeds":2,"minecraft:cobweb":9,"graveyard:fire_brazier":1,"minecraft:scaffolding":1,"minecraft:smooth_basalt":1,"minecraft:black_candle":2,"minecraft:dripstone_block":1,"graveyard:wither_skull_with_rib_cage":1,"minecraft:amethyst_shard":36,"minecraft:spruce_sapling":2,"minecraft:spruce_log":15,"minecraft:mossy_cobblestone":1,"minecraft:bundle":2,"minecraft:white_candle":3,"minecraft:chainmail_helmet":1,"minecraft:spruce_sign":3,"minecraft:bread":5,"minecraft:emerald":1,"minecraft:coal":1,"iceandfire:raw_silver":4},"minecraft:killed_by":{"graveyard:acolyte":1,"graveyard:corrupted_vindicator":1,"graveyard:wraith":3},"minecraft:mined":{"iceandfire:silver_ore":4,"minecraft:mossy_cobblestone":1,"minecraft:grass_block":3,"minecraft:spruce_fence":1,"minecraft:spruce_leaves":9,"minecraft:cobbled_deepslate":1,"minecraft:polished_deepslate":2,"minecraft:pointed_dripstone":1,"minecraft:deepslate_iron_ore":7,"minecraft:deepslate_brick_stairs":2,"minecraft:stone":46,"minecraft:white_wool":1,"minecraft:scaffolding":2,"minecraft:red_bed":4,"minecraft:medium_amethyst_bud":1,"graveyard:fire_brazier":1,"minecraft:amethyst_cluster":9,"iceandfire:dragon_ice_spikes":1,"minecraft:crafting_table":4,"minecraft:torch":2,"minecraft:copper_ore":6,"minecraft:cobblestone":7,"minecraft:wall_torch":3,"minecraft:coarse_dirt":1,"graveyard:vase_block":1,"minecraft:spruce_log":15,"graveyard:dark_iron_bars":1,"graveyard:creeper_skeleton":1,"minecraft:coal_ore":1,"minecraft:dirt":1,"minecraft:cobweb":2,"minecraft:smooth_basalt":1,"minecraft:deepslate":7}},"DataVersion":3465}