{"stats":{"minecraft:killed":{"minecraft:skeleton":1,"minecraft:zombie":1},"minecraft:used":{"minecraft:calcite":1,"relics:horse_flute":9,"minecraft:bread":3,"minecraft:wooden_pickaxe":2,"minecraft:rotten_flesh":1,"minecraft:mossy_cobblestone":1,"minecraft:wooden_sword":5,"minecraft:crafting_table":1,"alexsmobs:animal_dictionary":1,"minecraft:spruce_log":4},"minecraft:crafted":{"minecraft:wooden_sword":1,"minecraft:crafting_table":1,"minecraft:spruce_planks":44,"minecraft:stick":4,"minecraft:wooden_pickaxe":1},"minecraft:dropped":{"relics:horse_flute":2},"minecraft:custom":{"minecraft:time_since_rest":47446,"minecraft:sprint_one_cm":39404,"minecraft:damage_taken":80,"minecraft:walk_one_cm":162018,"minecraft:mob_kills":2,"minecraft:drop":2,"minecraft:damage_dealt":471,"minecraft:talked_to_villager":5,"minecraft:damage_dealt_absorbed":39,"minecraft:swim_one_cm":7735,"minecraft:interact_with_crafting_table":2,"minecraft:fly_one_cm":327210,"minecraft:open_chest":17,"minecraft:crouch_one_cm":295,"minecraft:play_time":47446,"tombstone:undead_killed":2,"minecraft:sneak_time":124,"minecraft:walk_under_water_one_cm":441,"minecraft:jump":516,"minecraft:leave_game":5,"minecraft:walk_on_water_one_cm":4730,"minecraft:time_since_death":47446,"minecraft:climb_one_cm":8159,"minecraft:total_world_time":47446,"minecraft:fall_one_cm":8981},"minecraft:picked_up":{"minecraft:coarse_dirt":25,"minecraft:crafting_table":1,"sophisticatedbackpacks:backpack":1,"minecraft:spruce_sapling":1,"minecraft:spruce_log":15,"minecraft:dirt":3,"minecraft:mossy_cobblestone":1,"minecraft:bundle":1,"minecraft:bone":1,"minecraft:rotten_flesh":1,"relics:horse_flute":2},"minecraft:mined":{"minecraft:mossy_cobblestone":1,"minecraft:spruce_log":15,"minecraft:crafting_table":1,"minecraft:spruce_leaves":9}},"DataVersion":3465}