{
  "minecraft:recipes/decorations/crafting_table": {
    "criteria": {
      "unlock_right_away": "2024-05-30 21:36:55 +0000"
    },
    "done": true
  },
  "iceandfire:iceandfire/root": {
    "criteria": {
      "tick": "2024-05-30 21:36:55 +0000"
    },
    "done": true
  },
  "dungeons_arise:find_mechanical_nest": {
    "criteria": {
      "location0": "2024-05-30 21:36:56 +0000"
    },
    "done": true
  },
  "dungeons_arise:wda_root": {
    "criteria": {
      "WDA": "2024-05-30 21:36:55 +0000"
    },
    "done": true
  },
  "minecraft:adventure/adventuring_time": {
    "criteria": {
      "minecraft:river": "2024-05-30 21:37:56 +0000",
      "minecraft:dripstone_caves": "2024-05-30 21:38:18 +0000",
      "minecraft:swamp": "2024-05-30 21:39:18 +0000"
    },
    "done": false
  },
  "DataVersion": 3465
}